--
-- PostgreSQL database dump
--

-- Dumped from database version 15.7
-- Dumped by pg_dump version 16.1

SET statement_timeout = 0;
SET lock_timeout = 0;
SET idle_in_transaction_session_timeout = 0;
SET client_encoding = 'UTF8';
SET standard_conforming_strings = on;
SELECT pg_catalog.set_config('search_path', '', false);
SET check_function_bodies = false;
SET xmloption = content;
SET client_min_messages = warning;
SET row_security = off;

SET default_tablespace = '';

SET default_table_access_method = heap;

--
-- Name: auth_group; Type: TABLE; Schema: public; Owner: postgres
--

CREATE TABLE public.auth_group (
    id integer NOT NULL,
    name character varying(150) NOT NULL
);


ALTER TABLE public.auth_group OWNER TO postgres;

--
-- Name: auth_group_id_seq; Type: SEQUENCE; Schema: public; Owner: postgres
--

ALTER TABLE public.auth_group ALTER COLUMN id ADD GENERATED BY DEFAULT AS IDENTITY (
    SEQUENCE NAME public.auth_group_id_seq
    START WITH 1
    INCREMENT BY 1
    NO MINVALUE
    NO MAXVALUE
    CACHE 1
);


--
-- Name: auth_group_permissions; Type: TABLE; Schema: public; Owner: postgres
--

CREATE TABLE public.auth_group_permissions (
    id bigint NOT NULL,
    group_id integer NOT NULL,
    permission_id integer NOT NULL
);


ALTER TABLE public.auth_group_permissions OWNER TO postgres;

--
-- Name: auth_group_permissions_id_seq; Type: SEQUENCE; Schema: public; Owner: postgres
--

ALTER TABLE public.auth_group_permissions ALTER COLUMN id ADD GENERATED BY DEFAULT AS IDENTITY (
    SEQUENCE NAME public.auth_group_permissions_id_seq
    START WITH 1
    INCREMENT BY 1
    NO MINVALUE
    NO MAXVALUE
    CACHE 1
);


--
-- Name: auth_permission; Type: TABLE; Schema: public; Owner: postgres
--

CREATE TABLE public.auth_permission (
    id integer NOT NULL,
    name character varying(255) NOT NULL,
    content_type_id integer NOT NULL,
    codename character varying(100) NOT NULL
);


ALTER TABLE public.auth_permission OWNER TO postgres;

--
-- Name: auth_permission_id_seq; Type: SEQUENCE; Schema: public; Owner: postgres
--

ALTER TABLE public.auth_permission ALTER COLUMN id ADD GENERATED BY DEFAULT AS IDENTITY (
    SEQUENCE NAME public.auth_permission_id_seq
    START WITH 1
    INCREMENT BY 1
    NO MINVALUE
    NO MAXVALUE
    CACHE 1
);


--
-- Name: django_admin_log; Type: TABLE; Schema: public; Owner: postgres
--

CREATE TABLE public.django_admin_log (
    id integer NOT NULL,
    action_time timestamp with time zone NOT NULL,
    object_id text,
    object_repr character varying(200) NOT NULL,
    action_flag smallint NOT NULL,
    change_message text NOT NULL,
    content_type_id integer,
    user_id bigint NOT NULL,
    CONSTRAINT django_admin_log_action_flag_check CHECK ((action_flag >= 0))
);


ALTER TABLE public.django_admin_log OWNER TO postgres;

--
-- Name: django_admin_log_id_seq; Type: SEQUENCE; Schema: public; Owner: postgres
--

ALTER TABLE public.django_admin_log ALTER COLUMN id ADD GENERATED BY DEFAULT AS IDENTITY (
    SEQUENCE NAME public.django_admin_log_id_seq
    START WITH 1
    INCREMENT BY 1
    NO MINVALUE
    NO MAXVALUE
    CACHE 1
);


--
-- Name: django_content_type; Type: TABLE; Schema: public; Owner: postgres
--

CREATE TABLE public.django_content_type (
    id integer NOT NULL,
    app_label character varying(100) NOT NULL,
    model character varying(100) NOT NULL
);


ALTER TABLE public.django_content_type OWNER TO postgres;

--
-- Name: django_content_type_id_seq; Type: SEQUENCE; Schema: public; Owner: postgres
--

ALTER TABLE public.django_content_type ALTER COLUMN id ADD GENERATED BY DEFAULT AS IDENTITY (
    SEQUENCE NAME public.django_content_type_id_seq
    START WITH 1
    INCREMENT BY 1
    NO MINVALUE
    NO MAXVALUE
    CACHE 1
);


--
-- Name: django_migrations; Type: TABLE; Schema: public; Owner: postgres
--

CREATE TABLE public.django_migrations (
    id bigint NOT NULL,
    app character varying(255) NOT NULL,
    name character varying(255) NOT NULL,
    applied timestamp with time zone NOT NULL
);


ALTER TABLE public.django_migrations OWNER TO postgres;

--
-- Name: django_migrations_id_seq; Type: SEQUENCE; Schema: public; Owner: postgres
--

ALTER TABLE public.django_migrations ALTER COLUMN id ADD GENERATED BY DEFAULT AS IDENTITY (
    SEQUENCE NAME public.django_migrations_id_seq
    START WITH 1
    INCREMENT BY 1
    NO MINVALUE
    NO MAXVALUE
    CACHE 1
);


--
-- Name: django_session; Type: TABLE; Schema: public; Owner: postgres
--

CREATE TABLE public.django_session (
    session_key character varying(40) NOT NULL,
    session_data text NOT NULL,
    expire_date timestamp with time zone NOT NULL
);


ALTER TABLE public.django_session OWNER TO postgres;

--
-- Name: knox_authtoken; Type: TABLE; Schema: public; Owner: postgres
--

CREATE TABLE public.knox_authtoken (
    digest character varying(128) NOT NULL,
    created timestamp with time zone NOT NULL,
    user_id bigint NOT NULL,
    expiry timestamp with time zone,
    token_key character varying(8) NOT NULL
);


ALTER TABLE public.knox_authtoken OWNER TO postgres;

--
-- Name: lookups_city; Type: TABLE; Schema: public; Owner: postgres
--

CREATE TABLE public.lookups_city (
    id bigint NOT NULL,
    name_en character varying(256) NOT NULL,
    name_ar character varying(256) NOT NULL,
    created_at timestamp with time zone NOT NULL,
    updated_at timestamp with time zone NOT NULL
);


ALTER TABLE public.lookups_city OWNER TO postgres;

--
-- Name: lookups_city_id_seq; Type: SEQUENCE; Schema: public; Owner: postgres
--

ALTER TABLE public.lookups_city ALTER COLUMN id ADD GENERATED BY DEFAULT AS IDENTITY (
    SEQUENCE NAME public.lookups_city_id_seq
    START WITH 1
    INCREMENT BY 1
    NO MINVALUE
    NO MAXVALUE
    CACHE 1
);


--
-- Name: services_category; Type: TABLE; Schema: public; Owner: postgres
--

CREATE TABLE public.services_category (
    id bigint NOT NULL,
    name_en character varying(256) NOT NULL,
    name_ar character varying(256) NOT NULL,
    icon character varying(100),
    is_deleted boolean NOT NULL,
    created_at timestamp with time zone NOT NULL,
    updated_at timestamp with time zone NOT NULL,
    parent_id bigint
);


ALTER TABLE public.services_category OWNER TO postgres;

--
-- Name: services_category_id_seq; Type: SEQUENCE; Schema: public; Owner: postgres
--

ALTER TABLE public.services_category ALTER COLUMN id ADD GENERATED BY DEFAULT AS IDENTITY (
    SEQUENCE NAME public.services_category_id_seq
    START WITH 1
    INCREMENT BY 1
    NO MINVALUE
    NO MAXVALUE
    CACHE 1
);


--
-- Name: services_service; Type: TABLE; Schema: public; Owner: postgres
--

CREATE TABLE public.services_service (
    id bigint NOT NULL,
    name_en character varying(256) NOT NULL,
    name_ar character varying(256) NOT NULL,
    description_en text NOT NULL,
    description_ar text NOT NULL,
    tag_en character varying(256),
    tag_ar character varying(256),
    warranty integer,
    show_warranty boolean NOT NULL,
    icon character varying(100),
    image character varying(100),
    price numeric(10,2) NOT NULL,
    offer_price numeric(10,2),
    is_deleted boolean NOT NULL,
    created_at timestamp with time zone NOT NULL,
    updated_at timestamp with time zone NOT NULL,
    category_id bigint NOT NULL
);


ALTER TABLE public.services_service OWNER TO postgres;

--
-- Name: services_service_id_seq; Type: SEQUENCE; Schema: public; Owner: postgres
--

ALTER TABLE public.services_service ALTER COLUMN id ADD GENERATED BY DEFAULT AS IDENTITY (
    SEQUENCE NAME public.services_service_id_seq
    START WITH 1
    INCREMENT BY 1
    NO MINVALUE
    NO MAXVALUE
    CACHE 1
);


--
-- Name: users_user; Type: TABLE; Schema: public; Owner: postgres
--

CREATE TABLE public.users_user (
    id bigint NOT NULL,
    last_login timestamp with time zone,
    is_superuser boolean NOT NULL,
    email character varying(254),
    is_staff boolean NOT NULL,
    is_active boolean NOT NULL,
    date_joined timestamp with time zone NOT NULL,
    fullname character varying(256),
    mobile character varying(15) NOT NULL,
    password character varying(128) NOT NULL
);


ALTER TABLE public.users_user OWNER TO postgres;

--
-- Name: users_user_groups; Type: TABLE; Schema: public; Owner: postgres
--

CREATE TABLE public.users_user_groups (
    id bigint NOT NULL,
    user_id bigint NOT NULL,
    group_id integer NOT NULL
);


ALTER TABLE public.users_user_groups OWNER TO postgres;

--
-- Name: users_user_groups_id_seq; Type: SEQUENCE; Schema: public; Owner: postgres
--

ALTER TABLE public.users_user_groups ALTER COLUMN id ADD GENERATED BY DEFAULT AS IDENTITY (
    SEQUENCE NAME public.users_user_groups_id_seq
    START WITH 1
    INCREMENT BY 1
    NO MINVALUE
    NO MAXVALUE
    CACHE 1
);


--
-- Name: users_user_id_seq; Type: SEQUENCE; Schema: public; Owner: postgres
--

ALTER TABLE public.users_user ALTER COLUMN id ADD GENERATED BY DEFAULT AS IDENTITY (
    SEQUENCE NAME public.users_user_id_seq
    START WITH 1
    INCREMENT BY 1
    NO MINVALUE
    NO MAXVALUE
    CACHE 1
);


--
-- Name: users_user_user_permissions; Type: TABLE; Schema: public; Owner: postgres
--

CREATE TABLE public.users_user_user_permissions (
    id bigint NOT NULL,
    user_id bigint NOT NULL,
    permission_id integer NOT NULL
);


ALTER TABLE public.users_user_user_permissions OWNER TO postgres;

--
-- Name: users_user_user_permissions_id_seq; Type: SEQUENCE; Schema: public; Owner: postgres
--

ALTER TABLE public.users_user_user_permissions ALTER COLUMN id ADD GENERATED BY DEFAULT AS IDENTITY (
    SEQUENCE NAME public.users_user_user_permissions_id_seq
    START WITH 1
    INCREMENT BY 1
    NO MINVALUE
    NO MAXVALUE
    CACHE 1
);


--
-- Name: users_useraddress; Type: TABLE; Schema: public; Owner: postgres
--

CREATE TABLE public.users_useraddress (
    id bigint NOT NULL,
    name character varying(256) NOT NULL,
    building_name character varying(256),
    building_number character varying(256),
    street_name character varying(256),
    apartment_number character varying(256),
    floor_number character varying(256),
    block_number character varying(256),
    additional_information text,
    latitude double precision NOT NULL,
    longitude double precision NOT NULL,
    address_type smallint NOT NULL,
    created_at timestamp with time zone NOT NULL,
    updated_at timestamp with time zone NOT NULL,
    city_id bigint,
    user_id bigint NOT NULL,
    is_deleted boolean NOT NULL
);


ALTER TABLE public.users_useraddress OWNER TO postgres;

--
-- Name: users_useraddress_id_seq; Type: SEQUENCE; Schema: public; Owner: postgres
--

ALTER TABLE public.users_useraddress ALTER COLUMN id ADD GENERATED BY DEFAULT AS IDENTITY (
    SEQUENCE NAME public.users_useraddress_id_seq
    START WITH 1
    INCREMENT BY 1
    NO MINVALUE
    NO MAXVALUE
    CACHE 1
);


--
-- Name: users_userotp; Type: TABLE; Schema: public; Owner: postgres
--

CREATE TABLE public.users_userotp (
    id bigint NOT NULL,
    otp character varying(6) NOT NULL,
    created_at timestamp with time zone NOT NULL,
    mobile character varying(15) NOT NULL,
    action character varying(128) NOT NULL,
    expires_at timestamp with time zone NOT NULL
);


ALTER TABLE public.users_userotp OWNER TO postgres;

--
-- Name: users_userotp_id_seq; Type: SEQUENCE; Schema: public; Owner: postgres
--

ALTER TABLE public.users_userotp ALTER COLUMN id ADD GENERATED BY DEFAULT AS IDENTITY (
    SEQUENCE NAME public.users_userotp_id_seq
    START WITH 1
    INCREMENT BY 1
    NO MINVALUE
    NO MAXVALUE
    CACHE 1
);


--
-- Data for Name: auth_group; Type: TABLE DATA; Schema: public; Owner: postgres
--

COPY public.auth_group (id, name) FROM stdin;
1	محاسب
\.


--
-- Data for Name: auth_group_permissions; Type: TABLE DATA; Schema: public; Owner: postgres
--

COPY public.auth_group_permissions (id, group_id, permission_id) FROM stdin;
1	1	36
\.


--
-- Data for Name: auth_permission; Type: TABLE DATA; Schema: public; Owner: postgres
--

COPY public.auth_permission (id, name, content_type_id, codename) FROM stdin;
1	Can add log entry	1	add_logentry
2	Can change log entry	1	change_logentry
3	Can delete log entry	1	delete_logentry
4	Can view log entry	1	view_logentry
5	Can add permission	2	add_permission
6	Can change permission	2	change_permission
7	Can delete permission	2	delete_permission
8	Can view permission	2	view_permission
9	Can add group	3	add_group
10	Can change group	3	change_group
11	Can delete group	3	delete_group
12	Can view group	3	view_group
13	Can add content type	4	add_contenttype
14	Can change content type	4	change_contenttype
15	Can delete content type	4	delete_contenttype
16	Can view content type	4	view_contenttype
17	Can add session	5	add_session
18	Can change session	5	change_session
19	Can delete session	5	delete_session
20	Can view session	5	view_session
21	Can add auth token	6	add_authtoken
22	Can change auth token	6	change_authtoken
23	Can delete auth token	6	delete_authtoken
24	Can view auth token	6	view_authtoken
25	Can add user	7	add_user
26	Can change user	7	change_user
27	Can delete user	7	delete_user
28	Can view user	7	view_user
29	Can add user otp	8	add_userotp
30	Can change user otp	8	change_userotp
31	Can delete user otp	8	delete_userotp
32	Can view user otp	8	view_userotp
33	Can add user address	9	add_useraddress
34	Can change user address	9	change_useraddress
35	Can delete user address	9	delete_useraddress
36	Can view user address	9	view_useraddress
37	Can add city	10	add_city
38	Can change city	10	change_city
39	Can delete city	10	delete_city
40	Can view city	10	view_city
41	Can add Category	11	add_category
42	Can change Category	11	change_category
43	Can delete Category	11	delete_category
44	Can view Category	11	view_category
45	Can add Service	12	add_service
46	Can change Service	12	change_service
47	Can delete Service	12	delete_service
48	Can view Service	12	view_service
49	Can add Main Category	13	add_maincategory
50	Can change Main Category	13	change_maincategory
51	Can delete Main Category	13	delete_maincategory
52	Can view Main Category	13	view_maincategory
53	Can add Sub Category	14	add_subcategory
54	Can change Sub Category	14	change_subcategory
55	Can delete Sub Category	14	delete_subcategory
56	Can view Sub Category	14	view_subcategory
\.


--
-- Data for Name: django_admin_log; Type: TABLE DATA; Schema: public; Owner: postgres
--

COPY public.django_admin_log (id, action_time, object_id, object_repr, action_flag, change_message, content_type_id, user_id) FROM stdin;
1	2024-06-05 21:16:55.361262+00	8	99999999	1	[{"added": {}}]	7	1
2	2024-06-05 21:17:35.797006+00	8	99999999	2	[{"changed": {"fields": ["Staff status"]}}]	7	1
3	2024-06-05 21:17:55.202872+00	8	99999999	2	[{"changed": {"fields": ["Superuser status", "Last login"]}}]	7	1
4	2024-06-05 21:18:37.177691+00	1	محاسب	1	[{"added": {}}]	3	1
5	2024-06-05 21:19:32.656024+00	1	Cairo - القاهرة	1	[{"added": {}}]	10	1
6	2024-06-05 21:25:37.476965+00	102	General Contractor	2	[{"changed": {"fields": ["Is Deleted"]}}, {"changed": {"name": "Service", "object": "General Contractor", "fields": ["Description (EN)", "Description (AR)"]}}]	13	1
7	2024-06-05 21:25:40.780531+00	102	General Contractor	2	[{"changed": {"fields": ["Is Deleted"]}}]	13	1
\.


--
-- Data for Name: django_content_type; Type: TABLE DATA; Schema: public; Owner: postgres
--

COPY public.django_content_type (id, app_label, model) FROM stdin;
1	admin	logentry
2	auth	permission
3	auth	group
4	contenttypes	contenttype
5	sessions	session
6	knox	authtoken
7	users	user
8	users	userotp
9	users	useraddress
10	lookups	city
11	services	category
12	services	service
13	services	maincategory
14	services	subcategory
\.


--
-- Data for Name: django_migrations; Type: TABLE DATA; Schema: public; Owner: postgres
--

COPY public.django_migrations (id, app, name, applied) FROM stdin;
1	lookups	0001_initial	2024-05-19 21:07:02.989792+00
2	contenttypes	0001_initial	2024-05-19 21:07:03.320443+00
3	contenttypes	0002_remove_content_type_name	2024-05-19 21:07:03.669132+00
4	auth	0001_initial	2024-05-19 21:07:04.692752+00
5	auth	0002_alter_permission_name_max_length	2024-05-19 21:07:04.914145+00
6	auth	0003_alter_user_email_max_length	2024-05-19 21:07:05.145355+00
7	auth	0004_alter_user_username_opts	2024-05-19 21:07:05.445806+00
8	auth	0005_alter_user_last_login_null	2024-05-19 21:07:05.668187+00
9	auth	0006_require_contenttypes_0002	2024-05-19 21:07:05.918645+00
10	auth	0007_alter_validators_add_error_messages	2024-05-19 21:07:06.158604+00
11	auth	0008_alter_user_username_max_length	2024-05-19 21:07:06.375693+00
12	auth	0009_alter_user_last_name_max_length	2024-05-19 21:07:06.624998+00
13	auth	0010_alter_group_name_max_length	2024-05-19 21:07:06.893316+00
14	auth	0011_update_proxy_permissions	2024-05-19 21:07:07.11981+00
15	auth	0012_alter_user_first_name_max_length	2024-05-19 21:07:07.621766+00
16	users	0001_initial	2024-05-19 21:07:09.68546+00
17	admin	0001_initial	2024-05-19 21:07:10.198055+00
18	admin	0002_logentry_remove_auto_add	2024-05-19 21:07:10.377685+00
19	admin	0003_logentry_add_action_flag_choices	2024-05-19 21:07:10.813314+00
20	knox	0001_initial	2024-05-19 21:07:11.781902+00
21	knox	0002_auto_20150916_1425	2024-05-19 21:07:12.393659+00
22	knox	0003_auto_20150916_1526	2024-05-19 21:07:12.624402+00
23	knox	0004_authtoken_expires	2024-05-19 21:07:12.917037+00
24	knox	0005_authtoken_token_key	2024-05-19 21:07:13.35658+00
25	knox	0006_auto_20160818_0932	2024-05-19 21:07:13.839919+00
26	knox	0007_auto_20190111_0542	2024-05-19 21:07:14.117848+00
27	knox	0008_remove_authtoken_salt	2024-05-19 21:07:14.417633+00
28	services	0001_initial	2024-05-19 21:07:15.061712+00
29	sessions	0001_initial	2024-05-19 21:07:15.509736+00
30	users	0002_alter_useraddress_additional_information	2024-05-19 21:07:15.736469+00
31	users	0003_rename_username_user_fullname	2024-05-19 21:07:16.052321+00
32	users	0004_alter_user_email_alter_user_fullname_and_more	2024-05-19 21:07:16.368218+00
33	users	0005_useraddress_is_deleted	2024-05-19 21:07:16.719537+00
34	users	0006_remove_userotp_user_userotp_mobile	2024-05-19 21:07:17.222648+00
35	users	0007_userotp_action_userotp_expires_at	2024-05-19 21:07:17.731287+00
36	users	0008_alter_useraddress_address_type_and_more	2024-05-19 21:07:18.364358+00
37	users	0009_alter_useraddress_city	2024-05-19 21:07:18.920849+00
38	users	0010_alter_userotp_mobile	2024-05-19 21:07:19.222973+00
39	users	0011_alter_userotp_action_alter_userotp_mobile	2024-05-19 21:07:19.585483+00
\.


--
-- Data for Name: django_session; Type: TABLE DATA; Schema: public; Owner: postgres
--

COPY public.django_session (session_key, session_data, expire_date) FROM stdin;
5yukunhtln8oowpa2c5j8ng2egdyfs9u	.eJxVjEEOwiAQRe_C2hAYSmFcuvcMZIBBqoYmpV0Z765NutDtf-_9lwi0rTVsnZcwZXEWWpx-t0jpwW0H-U7tNss0t3WZotwVedAur3Pm5-Vw_w4q9fqtSyHQikZIicF4nb13kFH5OKIqdsgFmBMBFxywJMMaHZEz1rJBABLvD_SWODw:1s9Qpv:Qdq1Uwdyzl9xNa08bdBuPJ-tGp7DrGFjGYlNa2xY9QY	2024-06-04 14:51:31.373404+00
rs9mvnqwf5gejucc957kdqz7263hh67j	.eJxVjEEOwiAQRe_C2hAYSmFcuvcMZIBBqoYmpV0Z765NutDtf-_9lwi0rTVsnZcwZXEWWpx-t0jpwW0H-U7tNss0t3WZotwVedAur3Pm5-Vw_w4q9fqtSyHQikZIicF4nb13kFH5OKIqdsgFmBMBFxywJMMaHZEz1rJBABLvD_SWODw:1s9jWq:rPDTfjMTAwOC8eMcxxRYfu-qCO-68WKrG0QZhRFs3Ug	2024-06-05 10:49:04.75624+00
dniqoufrx1vrx2k24rsgqw2du6w8xvth	.eJxVjEEOwiAQRe_C2hAYSmFcuvcMZIBBqoYmpV0Z765NutDtf-_9lwi0rTVsnZcwZXEWWpx-t0jpwW0H-U7tNss0t3WZotwVedAur3Pm5-Vw_w4q9fqtSyHQikZIicF4nb13kFH5OKIqdsgFmBMBFxywJMMaHZEz1rJBABLvD_SWODw:1s9lAm:iI-k3yAlBiS5-Z4IyOZDqbCR07S7QRKULDf_3YmGGH0	2024-06-05 12:34:24.519825+00
wvfyo5s6g44crjejvoo15sjr1fq2cfoo	.eJxVjEEOwiAQRe_C2hAYSmFcuvcMZIBBqoYmpV0Z765NutDtf-_9lwi0rTVsnZcwZXEWWpx-t0jpwW0H-U7tNss0t3WZotwVedAur3Pm5-Vw_w4q9fqtSyHQikZIicF4nb13kFH5OKIqdsgFmBMBFxywJMMaHZEz1rJBABLvD_SWODw:1sExrF:91XdWwP2KvuSg4VKjo-krqDxj-DQOhkD-1TRW8-St2Q	2024-06-19 21:07:45.779834+00
cdf7m95stpb8ss271rjf6fjpurbu0lhj	.eJxVjEEOwiAQRe_C2hAYSmFcuvcMZIBBqoYmpV0Z765NutDtf-_9lwi0rTVsnZcwZXEWWpx-t0jpwW0H-U7tNss0t3WZotwVedAur3Pm5-Vw_w4q9fqtSyHQikZIicF4nb13kFH5OKIqdsgFmBMBFxywJMMaHZEz1rJBABLvD_SWODw:1sExzP:TyGoC-IENEWeA5lGNo7pi39B9h4GgcWS6oi_o8QZyXY	2024-06-19 21:16:11.815553+00
gr691xmq398avzysnf9zbr1nkb20va6i	.eJxVjMEOgjAQRP-lZ9MA3aWtR-98Q7PtLhY1JaFwMv67kHDQZE7z3sxbBdrWHLYqS5hYXZVTl98uUnpKOQA_qNxnneayLlPUh6JPWvUws7xup_t3kKnmfW2sj8xJ_AgkDptEYBxaZNfJCAA2-p5du6chE5G4BdcZxAjYm2RFfb7ygTe5:1sEy0q:Rr0-Vz4QXbHZpdlTT9m_0vdbpyR4TPXNcDyIQ2liE_s	2024-06-19 21:17:40.659436+00
1ph7qbkv2r434jih4uw6cgkaiui3s2kz	.eJxVjEEOwiAQRe_C2hAYSmFcuvcMZIBBqoYmpV0Z765NutDtf-_9lwi0rTVsnZcwZXEWWpx-t0jpwW0H-U7tNss0t3WZotwVedAur3Pm5-Vw_w4q9fqtSyHQikZIicF4nb13kFH5OKIqdsgFmBMBFxywJMMaHZEz1rJBABLvD_SWODw:1sEyEB:rJcr2LDrf9JLbWF0kt4FY0En9dpMtOLxW3UF28UUoQs	2024-06-19 21:31:27.555093+00
qw366msngiwyzirq5gcvjleu0zkt5l43	.eJxVjEEOwiAQRe_C2hAYSmFcuvcMZIBBqoYmpV0Z765NutDtf-_9lwi0rTVsnZcwZXEWWpx-t0jpwW0H-U7tNss0t3WZotwVedAur3Pm5-Vw_w4q9fqtSyHQikZIicF4nb13kFH5OKIqdsgFmBMBFxywJMMaHZEz1rJBABLvD_SWODw:1sFr2F:A4d4rmf9R5frur5b6eAtGXEm_70kAYxEYhl2TUmJ4MY	2024-06-22 08:02:47.475655+00
bdlw4emrb9tezog1kg7vtnu82lv9nxy8	.eJxVjEEOwiAQRe_C2hAYSmFcuvcMZIBBqoYmpV0Z765NutDtf-_9lwi0rTVsnZcwZXEWWpx-t0jpwW0H-U7tNss0t3WZotwVedAur3Pm5-Vw_w4q9fqtSyHQikZIicF4nb13kFH5OKIqdsgFmBMBFxywJMMaHZEz1rJBABLvD_SWODw:1sFx3Y:23yTSpWrwlBtpOFL8yzQgLPcGwWbUx6arVB3PLDrK0Q	2024-06-22 14:28:32.094659+00
ccs3hllx6ajmfmgd38ina2rfeor4y0d1	.eJxVjEEOwiAQRe_C2hAYSmFcuvcMZIBBqoYmpV0Z765NutDtf-_9lwi0rTVsnZcwZXEWWpx-t0jpwW0H-U7tNss0t3WZotwVedAur3Pm5-Vw_w4q9fqtSyHQikZIicF4nb13kFH5OKIqdsgFmBMBFxywJMMaHZEz1rJBABLvD_SWODw:1sL9Q8:880yi3Ij1xOdkr6qhrLcHAZPviBsdQtf14wm9lDl3CE	2024-07-06 22:41:20.582219+00
wwsf1t0acwifw2f2xh1iybetulqcn98y	.eJxVjEEOwiAQRe_C2hAYSmFcuvcMZIBBqoYmpV0Z765NutDtf-_9lwi0rTVsnZcwZXEWWpx-t0jpwW0H-U7tNss0t3WZotwVedAur3Pm5-Vw_w4q9fqtSyHQikZIicF4nb13kFH5OKIqdsgFmBMBFxywJMMaHZEz1rJBABLvD_SWODw:1sLLXu:DLkc5FZmXGfwdFpbVkRtV0SWvBMiV4OdqYD_0FALp1U	2024-07-07 11:38:10.4528+00
5mo9daqs0fsbwcutkodncbcqwy0zgn0e	.eJxVjEEOwiAQRe_C2hAYSmFcuvcMZIBBqoYmpV0Z765NutDtf-_9lwi0rTVsnZcwZXEWWpx-t0jpwW0H-U7tNss0t3WZotwVedAur3Pm5-Vw_w4q9fqtSyHQikZIicF4nb13kFH5OKIqdsgFmBMBFxywJMMaHZEz1rJBABLvD_SWODw:1sLLgq:9bSmyXlD1l-DTXfJo7y_Yz2ekf9OYsZYioVPadMTBEM	2024-07-07 11:47:24.807428+00
\.


--
-- Data for Name: knox_authtoken; Type: TABLE DATA; Schema: public; Owner: postgres
--

COPY public.knox_authtoken (digest, created, user_id, expiry, token_key) FROM stdin;
29245c0eb0c8957564be094ba5a372d84a7f3524111676708a813a37d638a5203181445293ee804aafd2ae314d9a28e4ff3b00f56440d9fbbb11da51875ee1db	2024-05-22 10:49:13.960421+00	2	2024-08-20 10:49:13.959922+00	b1bb08b5
8edccb9328872904708a1da0bd77b5e8e4a5e6ae6e930075451f9ee4b2f1ba0c8f6b39eac6761e06888a4b674038dfef59c4761f4f43c18d214cf519947f8888	2024-05-22 12:35:17.596901+00	3	2024-08-20 12:35:17.596415+00	afcc5994
29d4e4c11ecc98b4e3afea6d49a06551023e3c0170a8c1e99188a47b62f022b4ebd7afe1dab3e26fe6c4c643d283586c33d73c5661c7752f3004c71a9285cafd	2024-05-22 16:07:22.779494+00	4	2024-08-20 16:07:22.778982+00	f739f1db
2a7057af42158d6a483e388ca88988d4752f258e967f50b640c3c25c25b9475d2bf22039cdb96de4d956d638f7c18bcb69324fb2ae57071ffd1fe17cd04f55d3	2024-05-22 16:58:00.591208+00	6	2024-08-20 16:58:00.590684+00	a012f978
45f5f6b87a566cddde0c846a8dda935d721258b57c29b7500ef6fb01fa525f2536ab5a0fcf353cbc0fb447649c99217ccd0361bce17a4995fb1d5c768174ba94	2024-05-22 17:31:10.506736+00	6	2024-08-20 17:31:10.506239+00	9fe814ff
e828092bad39914120baebe727449de09d7087337b19700e7d9c0b5c64647e09763d30ea6a19436c052be7ee4b05a21c1b5b048a9cf97aa1c9afe339f21fc84c	2024-05-22 18:25:40.467951+00	6	2024-08-20 18:25:40.467447+00	b88ca1d3
9af3ee06a657e6b37c75ba47fc4091357e0e11557bc7dc265eac4bf57d29fa37f586b32982f431931f4cfedbb67252e5ce48659b254f2a9b3322cff0b1d8d6bb	2024-05-23 12:14:16.427509+00	6	2024-08-21 12:14:16.427036+00	eb68337d
18ee3236862d8f63c267b0c1beaea8957625d93b3c9fef4dce634dbf7dc0f85d51e3f001ca0de57124b1734a1fec4b0e7d1a971f40edc175b4395e8a25f5f042	2024-05-23 16:17:07.922001+00	6	2024-08-21 16:17:07.921533+00	1169eeab
dabf29506f1064cc4059adc03b3ee07e7f7e498a82b66f11f3c539c2fc5b9ba8042700eead5d23ace89f7421988fdc4b3c485abd9d48ae38370d8afada4e6cac	2024-06-05 21:08:06.134963+00	7	2024-09-03 21:08:06.125491+00	3893de7f
7172885feb401657de8eeab524a78612b44840677421302b243e367223f91e38f0f5cb0af1d69fdeb1fe02031ddbe1e1e386e6294410547b8773d7ad2a7e2bbe	2024-06-08 08:03:00.79669+00	9	2024-09-06 08:03:00.79628+00	951abce5
7df428a770f7a5186aba66ef1f16efac6868f78ea4aa104706f5024129b231c521c54fec6bc9c3834e955138743317efc91bae4713e826ae994cd88c15f2f58b	2024-06-08 08:14:28.105546+00	9	2024-09-06 08:14:28.105167+00	49dfd197
e2c4c87d1a395b8a821a42565d3c6574e1b319bb37084780a9ae073d3ae8cc09a233cfaecd438168c829204f3fa29de1c6b60802f48bd91094ad92e9dc35e4ad	2024-06-08 08:17:57.989075+00	9	2024-09-06 08:17:57.988743+00	e40d64f5
5bcf830fbf2347a0eda70a3b0b0487759145c3ae7ce6dc34aa47fca8eafbfacf28ad8c501d015cb67d2c48c8c2baefec008c8c12bf54ef79bcc43dd624716b0a	2024-06-11 22:42:30.311686+00	10	2024-09-09 22:42:30.311256+00	d943e5dd
093b8ea2aa2912a92ae9429c1341d3315cf70b07a5f06993f8fe4b9f385a1bf1ffd6ef6dd00009403053b0ef87042ffa2268a1e2f606025fa35bff1fba1ac251	2024-06-23 11:39:41.730621+00	9	2024-09-21 11:39:41.730137+00	00d03c55
a270b0ffa5ca6b58bdd768993ea7353ba97d806672a8903b41e66cb7252cd768e7a31f12ee8f2cc556a173d8f79dc569c4b874b8ebae746945feb62fa693cbc1	2024-06-23 12:25:49.378769+00	11	2024-09-21 12:25:49.378244+00	cd07116c
\.


--
-- Data for Name: lookups_city; Type: TABLE DATA; Schema: public; Owner: postgres
--

COPY public.lookups_city (id, name_en, name_ar, created_at, updated_at) FROM stdin;
1	Cairo	القاهرة	2024-06-05 21:19:32.616965+00	2024-06-05 21:19:32.616986+00
\.


--
-- Data for Name: services_category; Type: TABLE DATA; Schema: public; Owner: postgres
--

COPY public.services_category (id, name_en, name_ar, icon, is_deleted, created_at, updated_at, parent_id) FROM stdin;
95	Maintenance Contract	عقد صيانة سنوي	https://srvme.com/image/data/categoryIcon/categoryIcon_95_180523_143649_64660dd1de755.png	f	2024-05-19 21:07:30.123099+00	2024-05-19 21:07:30.123099+00	\N
9	Appliances Repair	اجهزة منزلية	https://srvme.com/image/data/categoryIcon/categoryIcon_9_240123_100152_63cf82603c219.png	f	2024-05-19 21:07:30.123099+00	2024-05-19 21:07:30.123099+00	\N
14	Air Conditioning & Ventilation	التكييف والتهوية المركزية	https://srvme.com/image/data/categoryIcon/categoryIcon_14_220123_103028_63cce6144607d.png	f	2024-05-19 21:07:30.123099+00	2024-05-19 21:07:30.123099+00	\N
6	Electrical	كهربائي	https://srvme.com/image/data/categoryIcon/categoryIcon_6_230123_065316_63ce04acd7fb3.png	f	2024-05-19 21:07:30.123099+00	2024-05-19 21:07:30.123099+00	\N
86	Roof Insulation	عازل الأسطح	https://srvme.com/image/data/categoryIcon/categoryIcon_86_250123_111247_63d0e47fb404c.png	f	2024-05-19 21:07:30.123099+00	2024-05-19 21:07:30.123099+00	\N
2	Plumbing	صحي	https://srvme.com/image/data/categoryIcon/categoryIcon_2_220123_102817_63cce591e9052.png	f	2024-05-19 21:07:30.123599+00	2024-05-19 21:07:30.123599+00	\N
90	Handyman	عامل متكامل	https://srvme.com/image/data/categoryIcon/categoryIcon_90_250123_110133_63d0e1dd6549c.png	f	2024-05-19 21:07:30.123599+00	2024-05-19 21:07:30.123599+00	\N
3	Carpenter	نجار	https://srvme.com/image/data/categoryIcon/categoryIcon_3_230123_065029_63ce040559a0a.png	f	2024-05-19 21:07:30.123599+00	2024-05-19 21:07:30.123599+00	\N
43	Curtains & Upholstery	ستائر وتنجيد	https://srvme.com/image/data/categoryIcon/categoryIcon_43_220123_162830_63cd39fe8e99f.png	f	2024-05-19 21:07:30.123599+00	2024-05-19 21:07:30.123599+00	\N
93	Car Services	خدمة السيارات	https://srvme.com/image/data/categoryIcon/categoryIcon_93_230123_064946_63ce03da51a5d.png	f	2024-05-19 21:07:30.123599+00	2024-05-19 21:07:30.123599+00	\N
17	Aluminum & Shutter	ألومنيوم وشتر	https://srvme.com/image/data/categoryIcon/categoryIcon_17_250123_104004_63d0dcd4265bf.png	f	2024-05-19 21:07:30.123599+00	2024-05-19 21:07:30.123599+00	\N
5	Painting & Wallpaper	صبغ و ورق جدران	https://srvme.com/image/data/categoryIcon/categoryIcon_5_250123_110950_63d0e3cecae47.png	f	2024-05-19 21:07:30.123599+00	2024-05-19 21:07:30.123599+00	\N
98	Moving & Shifting	خدمة النقل	https://srvme.com/image/data/categoryIcon/categoryIcon_98_250123_110834_63d0e382674c8.png	f	2024-05-19 21:07:30.123599+00	2024-05-19 21:07:30.123599+00	\N
80	Gardening	حدائق	https://srvme.com/image/data/categoryIcon/categoryIcon_80_220123_162906_63cd3a22795e9.png	f	2024-05-19 21:07:30.123599+00	2024-05-19 21:07:30.123599+00	\N
46	Locksmith	مفاتيح واقفال	https://srvme.com/image/data/categoryIcon/categoryIcon_46_240123_140709_63cfbbdda7620.png	f	2024-05-19 21:07:30.123599+00	2024-05-19 21:07:30.123599+00	\N
22	Cleaning & Sanitization	تنظيف و تعقيم 	https://srvme.com/image/data/categoryIcon/categoryIcon_22_250123_104752_63d0dea86bcab.png	f	2024-05-19 21:07:30.123599+00	2024-05-19 21:07:30.123599+00	\N
13	Furniture Assembly	تركيب اثاث	https://srvme.com/image/data/categoryIcon/categoryIcon_13_240123_140614_63cfbba647528.png	f	2024-05-19 21:07:30.123599+00	2024-05-19 21:07:30.123599+00	\N
25	Mobile Repair	صيانة موبايلات	https://srvme.com/image/data/categoryIcon/categoryIcon_25_220123_163041_63cd3a817a045.png	f	2024-05-19 21:07:30.123599+00	2024-05-19 21:07:30.123599+00	\N
55	Flooring	أرضيات 	https://srvme.com/image/data/categoryIcon/categoryIcon_55_250123_105645_63d0e0bd9999c.png	f	2024-05-19 21:07:30.123599+00	2024-05-19 21:07:30.123599+00	\N
7	Tv & Satellite	التلفزيون و الستلايت 	https://srvme.com/image/data/categoryIcon/categoryIcon_7_230123_070004_63ce0644b7f3d.png	f	2024-05-19 21:07:30.123599+00	2024-05-19 21:07:30.123599+00	\N
24	Decor & Gypsum Board	ديكور وجبس بورد	https://srvme.com/image/data/categoryIcon/categoryIcon_24_230123_065157_63ce045d5555b.png	f	2024-05-19 21:07:30.124099+00	2024-05-19 21:07:30.124099+00	\N
79	Glass Works & Wall Board	أعمال الزجاج و لوح الحائط	https://srvme.com/image/data/categoryIcon/categoryIcon_79_220123_163148_63cd3ac4eef4f.png	f	2024-05-19 21:07:30.124099+00	2024-05-19 21:07:30.124099+00	\N
30	Electronic Repair	الكترونيات	https://srvme.com/image/data/categoryIcon/categoryIcon_30_220123_163218_63cd3ae2f3777.png	f	2024-05-19 21:07:30.124099+00	2024-05-19 21:07:30.124099+00	\N
76	Metal Works & Shades	خدمة الحديد والمظلات	https://srvme.com/image/data/categoryIcon/categoryIcon_76_220123_163300_63cd3b0c7ea9a.png	f	2024-05-19 21:07:30.124099+00	2024-05-19 21:07:30.124099+00	\N
15	Cameras	كاميرات	https://srvme.com/image/data/categoryIcon/categoryIcon_15_230123_064924_63ce03c49562f.png	f	2024-05-19 21:07:30.124099+00	2024-05-19 21:07:30.124099+00	\N
87	Ducting Service	خدمة الدكتات	https://srvme.com/image/data/categoryIcon/categoryIcon_87_230123_065227_63ce047b55863.png	f	2024-05-19 21:07:30.124099+00	2024-05-19 21:07:30.124099+00	\N
19	Pest Control	مكافحة الحشرات	https://srvme.com/image/data/categoryIcon/categoryIcon_19_250123_111033_63d0e3f90dac5.png	f	2024-05-19 21:07:30.124099+00	2024-05-19 21:07:30.124099+00	\N
52	Central A/c	تكييف مركزى	https://srvme.com/image/data/categoryIcon/categoryIcon_52_250123_113004_63d0e88cdd2e8.png	f	2024-05-19 21:07:30.275048+00	2024-05-19 21:07:30.275048+00	14
53	Mini Split A/c	وحدات تكييف	https://srvme.com/image/data/categoryIcon/categoryIcon_53_250123_125021_63d0fb5de3787.png	f	2024-05-19 21:07:30.275048+00	2024-05-19 21:07:30.275048+00	14
8	Ventilation	تهوية و شفاطات 	https://srvme.com/image/data/categoryIcon/categoryIcon_8_240123_080628_63cf675477b90.png	f	2024-05-19 21:07:30.275048+00	2024-05-19 21:07:30.275048+00	14
114	Drain Cleaning	تسليك البواليع 	https://srvme.com/image/data/categoryIcon/categoryIcon_114_250123_114021_63d0eaf528193.png	f	2024-05-19 21:07:30.275048+00	2024-05-19 21:07:30.275048+00	2
121	General Plumbing Repair	إصلاحات عامة وتركيبات للصرف الصحي	https://srvme.com/image/data/categoryIcon/categoryIcon_121_220623_123613_6494160d0e571.png	f	2024-05-19 21:07:30.275048+00	2024-05-19 21:07:30.275048+00	2
108	Sink And Shower	المغسله والشاور 	https://srvme.com/image/data/categoryIcon/categoryIcon_108_230123_072520_63ce0c306e4ee.png	f	2024-05-19 21:07:30.275048+00	2024-05-19 21:07:30.275048+00	2
109	Toilet	المرحاض	https://srvme.com/image/data/categoryIcon/categoryIcon_109_220623_123343_6494157725eaf.png	f	2024-05-19 21:07:30.275048+00	2024-05-19 21:07:30.275048+00	2
111	Water Filter	فلاتر المياه	https://srvme.com/image/data/categoryIcon/categoryIcon_111_250123_125122_63d0fb9a7ef20.png	f	2024-05-19 21:07:30.275048+00	2024-05-19 21:07:30.275048+00	2
28	Water Heater	سخان المياه	https://srvme.com/image/data/categoryIcon/categoryIcon_28_240123_081538_63cf697a7bb07.png	f	2024-05-19 21:07:30.275048+00	2024-05-19 21:07:30.275048+00	2
113	Water Pump	مضخات المياه	https://srvme.com/image/data/categoryIcon/categoryIcon_113_230123_072827_63ce0ceb11de5.png	f	2024-05-19 21:07:30.275048+00	2024-05-19 21:07:30.275048+00	2
112	Water Tanks And Pipes	خزانات المياه والبايبات	https://srvme.com/image/data/categoryIcon/categoryIcon_112_250123_124509_63d0fa250e9fa.png	f	2024-05-19 21:07:30.275048+00	2024-05-19 21:07:30.275048+00	2
115	Window Fan	شفاط النافذة	https://srvme.com/image/data/categoryIcon/categoryIcon_115_230123_073805_63ce0f2da5502.png	f	2024-05-19 21:07:30.275048+00	2024-05-19 21:07:30.275048+00	2
88	Baby Proofing	خدمة حماية الاطفال	https://srvme.com/image/data/categoryIcon/categoryIcon_88_250123_112303_63d0e6e74285a.png	f	2024-05-19 21:07:30.275048+00	2024-05-19 21:07:30.275048+00	90
118	Curtains Installation	تعليق ستائر 	https://srvme.com/image/data/categoryIcon/categoryIcon_118_230123_074310_63ce105e57b05.png	f	2024-05-19 21:07:30.275048+00	2024-05-19 21:07:30.275048+00	90
117	Frame Installation	تعليق لوحات 	https://srvme.com/image/data/categoryIcon/categoryIcon_117_220623_123903_649416b751ea1.png	f	2024-05-19 21:07:30.275048+00	2024-05-19 21:07:30.275048+00	90
126	General Handyman Repair	معاينة عامل متكامل 	https://srvme.com/image/data/categoryIcon/categoryIcon_126_170424_125218_661f9bd250daf.png	f	2024-05-19 21:07:30.275048+00	2024-05-19 21:07:30.275048+00	90
119	Mirror	مرايا	https://srvme.com/image/data/categoryIcon/categoryIcon_119_250123_125512_63d0fc80a1a09.png	f	2024-05-19 21:07:30.275048+00	2024-05-19 21:07:30.275048+00	90
116	Shelves Installation	تعليق أرفف	https://srvme.com/image/data/categoryIcon/categoryIcon_116_250123_130356_63d0fe8c9aabc.png	f	2024-05-19 21:07:30.275048+00	2024-05-19 21:07:30.275048+00	90
120	Tv	تلفاز	https://srvme.com/image/data/categoryIcon/categoryIcon_120_250123_125433_63d0fc5945573.png	f	2024-05-19 21:07:30.275048+00	2024-05-19 21:07:30.275048+00	90
44	Fabric Curtains	ستاير خام	https://srvme.com/image/data/categoryIcon/categoryIcon_44_240123_094846_63cf7f4e0aa31.png	f	2024-05-19 21:07:30.275048+00	2024-05-19 21:07:30.275048+00	43
45	Roller Curtains	ستائر رول 	https://srvme.com/image/data/categoryIcon/categoryIcon_45_250123_125950_63d0fd96a33fe.png	f	2024-05-19 21:07:30.275048+00	2024-05-19 21:07:30.275048+00	43
99	Upholstery	تنجيد	https://srvme.com/image/data/categoryIcon/categoryIcon_99_240123_095113_63cf7fe1427e3.png	f	2024-05-19 21:07:30.275048+00	2024-05-19 21:07:30.275048+00	43
10	Car Repair	صيانة سيارات	https://srvme.com/image/data/categoryIcon/categoryIcon_10_250123_112632_63d0e7b85ec19.png	f	2024-05-19 21:07:30.275048+00	2024-05-19 21:07:30.275048+00	93
62	Car Wash	غسيل السيارات	https://srvme.com/image/data/categoryIcon/categoryIcon_62_240123_083445_63cf6df51314a.png	f	2024-05-19 21:07:30.275048+00	2024-05-19 21:07:30.275048+00	93
70	Aluminum	الألومنيوم	https://srvme.com/image/data/categoryIcon/categoryIcon_70_240123_083731_63cf6e9b6c13d.png	f	2024-05-19 21:07:30.275048+00	2024-05-19 21:07:30.275048+00	17
69	Shutter	شتر	https://srvme.com/image/data/categoryIcon/categoryIcon_69_240123_083748_63cf6eac61bd2.png	f	2024-05-19 21:07:30.275048+00	2024-05-19 21:07:30.275048+00	17
122	Garden Design	تصميم حدائق	https://srvme.com/image/data/categoryIcon/categoryIcon_122_270823_104617_64eaff49dc0d3.png	f	2024-05-19 21:07:30.275048+00	2024-05-19 21:07:30.275048+00	80
81	Garden Maintenance	صيانة الحدائق	https://srvme.com/image/data/categoryIcon/categoryIcon_81_230123_075142_63ce125e2525a.png	f	2024-05-19 21:07:30.275048+00	2024-05-19 21:07:30.275048+00	80
125	Regular Locks	اقفال منازل	https://srvme.com/image/data/categoryIcon/categoryIcon_125_170124_150620_65a7c2bcee4be.png	f	2024-05-19 21:07:30.275048+00	2024-05-19 21:07:30.275048+00	46
124	Smart Locks	أقفال الكترونية	https://srvme.com/image/data/categoryIcon/categoryIcon_124_210124_093810_65acbbd2d92ac.png	f	2024-05-19 21:07:30.275048+00	2024-05-19 21:07:30.275048+00	46
16	Cleaning	تنظيف	https://srvme.com/image/data/categoryIcon/categoryIcon_16_240123_074831_63cf631f183ef.png	f	2024-05-19 21:07:30.275048+00	2024-05-19 21:07:30.275048+00	22
47	Sanitization	تعقيم	https://srvme.com/image/data/categoryIcon/categoryIcon_47_250123_130226_63d0fe325fdb1.png	f	2024-05-19 21:07:30.275048+00	2024-05-19 21:07:30.275048+00	22
26	Apple	ابل 	https://srvme.com/image/data/categoryIcon/categoryIcon_26_240123_090308_63cf749c0eba3.png	f	2024-05-19 21:07:30.275048+00	2024-05-19 21:07:30.275048+00	25
48	Other Repairs	إصلاحات أخرى	https://srvme.com/image/data/categoryIcon/categoryIcon_48_240123_090356_63cf74cce95f6.png	f	2024-05-19 21:07:30.275048+00	2024-05-19 21:07:30.275048+00	25
56	Ceramic Installation	تركيب سيراميك	https://srvme.com/image/data/categoryIcon/categoryIcon_56_250123_113521_63d0e9c9259b1.png	f	2024-05-19 21:07:30.275048+00	2024-05-19 21:07:30.275048+00	55
57	Marble Installation	تركيب رخام	https://srvme.com/image/data/categoryIcon/categoryIcon_57_250123_114339_63d0ebbb61777.png	f	2024-05-19 21:07:30.275048+00	2024-05-19 21:07:30.275048+00	55
58	Parquet Installation	تركيب باركيه	https://srvme.com/image/data/categoryIcon/categoryIcon_58_250123_125845_63d0fd5551323.png	f	2024-05-19 21:07:30.275048+00	2024-05-19 21:07:30.275048+00	55
123	Glass Work	أعمال الزجاج	https://srvme.com/image/data/categoryIcon/categoryIcon_123_240923_132901_65100f6d57f0d.png	f	2024-05-19 21:07:30.275048+00	2024-05-19 21:07:30.275048+00	79
106	Wall Board	لوح حائط	https://srvme.com/image/data/categoryIcon/categoryIcon_106_240923_132851_65100f630384e.png	f	2024-05-19 21:07:30.275048+00	2024-05-19 21:07:30.275048+00	79
91	Computers & Laptops	كمبيوتر ولاب توب	https://srvme.com/image/data/categoryIcon/categoryIcon_91_240123_081150_63cf6896ed678.png	f	2024-05-19 21:07:30.275048+00	2024-05-19 21:07:30.275048+00	30
29	Video Games Repair	تصليح ألعاب الفيديو	https://srvme.com/image/data/categoryIcon/categoryIcon_29_240123_091443_63cf775321193.png	f	2024-05-19 21:07:30.275048+00	2024-05-19 21:07:30.275048+00	30
101	Metal Works	أعمال الحديد	https://srvme.com/image/data/categoryIcon/categoryIcon_101_240123_075443_63cf64936633e.png	f	2024-05-19 21:07:30.275048+00	2024-05-19 21:07:30.275048+00	76
100	Parking Shades	المظلات	https://srvme.com/image/data/categoryIcon/categoryIcon_100_240123_075509_63cf64ad0bbcf.png	f	2024-05-19 21:07:30.275048+00	2024-05-19 21:07:30.275048+00	76
102	General Contractor	مقاولات عامة	https://srvme.com/image/data/categoryIcon/categoryIcon_102_250123_105948_63d0e174bbfb4.png	f	2024-05-19 21:07:30.123599+00	2024-06-05 21:25:40.7602+00	\N
\.


--
-- Data for Name: services_service; Type: TABLE DATA; Schema: public; Owner: postgres
--

COPY public.services_service (id, name_en, name_ar, description_en, description_ar, tag_en, tag_ar, warranty, show_warranty, icon, image, price, offer_price, is_deleted, created_at, updated_at, category_id) FROM stdin;
377	2 Door Closet	خزانة بابين	4 drawers are included, any extra drawer will cost 1.5 KD	تشمل  ٤ ادرج ، يضاف ١.٥ د.ك لكل درج إضافي 	\N	\N	18	t	https://srvme.com/image/data/serviceIcon/serviceIcon_377_240123_125922_63cfabfabd4dc.png	https://srvme.com/image/data/serviceIcon/serviceIcon_377_240123_125922_63cfabfabd4dc.png	10.00	\N	f	2024-05-19 21:07:35.218393+00	2024-05-19 21:07:35.218393+00	13
378	4 Door Closet	خزانة ٤ ابواب	8 drawers are included, any extra drawer will cost 1.5 KD	تشمل ٨ ادراج  يضاف ١.٥ د.ك لكل درج إضافي 	\N	\N	30	t	https://srvme.com/image/data/serviceIcon/serviceIcon_378_240123_091013_63cf7645984e2.png	https://srvme.com/image/data/serviceIcon/serviceIcon_378_240123_091013_63cf7645984e2.png	16.00	\N	f	2024-05-19 21:07:35.218393+00	2024-05-19 21:07:35.218393+00	13
379	6 Door Closet	خزانة ٦ ابواب	12 drawers are included, any extra drawer will cost 1.5 KD	يشمل ١٢ درج ، يضاف  ١.٥ د.ك لكل درج إضافي 	\N	\N	0	f	https://srvme.com/image/data/serviceIcon/serviceIcon_379_240123_091105_63cf767953bef.png	https://srvme.com/image/data/serviceIcon/serviceIcon_379_240123_091105_63cf767953bef.png	20.00	\N	f	2024-05-19 21:07:35.218393+00	2024-05-19 21:07:35.218393+00	13
380	8 Doors Closet	خزانة ٨ ابواب	16 drawers are included, any extra drawer will cost 1.5 KD	يشمل  ١٦ درج ، يضاف  ١.٥ د.ك لكل درج إضافي 	\N	\N	18	t	https://srvme.com/image/data/serviceIcon/serviceIcon_380_240123_091213_63cf76bdb59ca.png	https://srvme.com/image/data/serviceIcon/serviceIcon_380_240123_091213_63cf76bdb59ca.png	25.00	\N	f	2024-05-19 21:07:35.218393+00	2024-05-19 21:07:35.218393+00	13
346	Acrylic Board With Design	لوح أكريليك مع تصميم	board size 100 x 200cm thickness 8ml, installation included	حجم اللوحة ١٠٠ × ٢٠٠ سم  - السماكة ٨ مل ، شامل التركيب	\N	\N	0	f	https://srvme.com/image/data/serviceIcon/serviceIcon_346_240923_132407_65100e470aab9.png	https://srvme.com/image/data/serviceIcon/serviceIcon_346_240923_132407_65100e470aab9.png	110.00	\N	f	2024-05-19 21:07:35.218393+00	2024-05-19 21:07:35.218393+00	106
347	Acrylic Board Without Design	لوح أكريليك بدون تصميم	board size 100 x 200cm thickness 8ml, installation included	حجم اللوحة ١٠٠ × ٢٠٠ سم  - السماكة ٨ مل ، شامل التركيب	\N	\N	30	t	https://srvme.com/image/data/serviceIcon/serviceIcon_347_240923_132426_65100e5aa4c27.png	https://srvme.com/image/data/serviceIcon/serviceIcon_347_240923_132426_65100e5aa4c27.png	75.00	\N	f	2024-05-19 21:07:35.218393+00	2024-05-19 21:07:35.218393+00	106
333	Air Filter Replacement	تبديل فلتر الهواء	Please note that after the completion of the inspection, a date for the service will be determined	يرجى العلم ان بعد الانتهاء من المعاينة سوف يتم تحديد موعد الخدمة	\N	\N	12	t	https://srvme.com/image/data/serviceIcon/serviceIcon_333_230123_144736_63ce73d867377.png	https://srvme.com/image/data/serviceIcon/serviceIcon_333_230123_144736_63ce73d867377.png	5.00	\N	f	2024-05-19 21:07:35.218393+00	2024-05-19 21:07:35.218393+00	87
323	Baby Proofing Assessment	معاينة	5 KD Assessment 	٥ دنانير معاينة 	\N	\N	30	t	https://srvme.com/image/data/serviceIcon/serviceIcon_323_230123_070325_63ce070d0d90b.png	https://srvme.com/image/data/serviceIcon/serviceIcon_323_230123_070325_63ce070d0d90b.png	5.00	\N	f	2024-05-19 21:07:35.218393+00	2024-05-19 21:07:35.218393+00	88
405	Bathtub Installation Or Replacement	تركيب أو تبديل بانيو الاستحمام	Material Not Included	لايشمل المواد	\N	\N	18	t	https://srvme.com/image/data/serviceIcon/serviceIcon_405_060923_101301_64f8267d82593.png	https://srvme.com/image/data/serviceIcon/serviceIcon_405_060923_101301_64f8267d82593.png	25.00	\N	f	2024-05-19 21:07:35.218393+00	2024-05-19 21:07:35.218393+00	108
5	Boiler Replacement	تبديل سخان المياه العادي	Material not included	لا يشمل المواد 	\N	\N	0	f	https://srvme.com/image/data/serviceIcon/serviceIcon_5_250123_100409_63d0d46987e2b.png	https://srvme.com/image/data/serviceIcon/serviceIcon_5_250123_100409_63d0d46987e2b.png	20.00	\N	f	2024-05-19 21:07:35.218393+00	2024-05-19 21:07:35.218393+00	28
372	Central Water Filters Maintenance Or Replacement	صيانة او تبديل فلاتر المياه	The 5 KD assessment value will be included in the total invoice	رسوم المعاينة ٥ دنانير يتم احتسابها  من اجمالي قيمة الفاتورة	\N	\N	18	t	https://srvme.com/image/data/serviceIcon/serviceIcon_372_060923_094946_64f8210ac822b.png	https://srvme.com/image/data/serviceIcon/serviceIcon_372_060923_094946_64f8210ac822b.png	5.00	\N	f	2024-05-19 21:07:35.218393+00	2024-05-19 21:07:35.218393+00	111
402	Ceramic Water Filter Installation Or Replacement	تركيب أو تبديل فلتر المياه السيراميك	Material Not Included	لايشمل المواد	\N	\N	30	t	https://srvme.com/image/data/serviceIcon/serviceIcon_402_060923_094526_64f820060f9a9.png	https://srvme.com/image/data/serviceIcon/serviceIcon_402_060923_094526_64f820060f9a9.png	12.00	\N	f	2024-05-19 21:07:35.218393+00	2024-05-19 21:07:35.218393+00	111
400	Ceramic Water Filter Maintenance	صيانة فلتر المياه السيراميك	Only cartridge Included	يشمل الشمعه فقط	\N	\N	12	t	https://srvme.com/image/data/serviceIcon/serviceIcon_400_060923_091431_64f818c75f455.png	https://srvme.com/image/data/serviceIcon/serviceIcon_400_060923_091431_64f818c75f455.png	8.00	\N	f	2024-05-19 21:07:35.218393+00	2024-05-19 21:07:35.218393+00	111
373	Chair	كرسي	The minimum order is two units, the unit price is 3 K.D	الحد الأدنى للطلب وحدتين ، سعر الوحدة ٣ د.ك	\N	\N	12	t	https://srvme.com/image/data/serviceIcon/serviceIcon_373_240123_091456_63cf776043517.png	https://srvme.com/image/data/serviceIcon/serviceIcon_373_240123_091456_63cf776043517.png	6.00	\N	f	2024-05-19 21:07:35.218393+00	2024-05-19 21:07:35.218393+00	13
159	Curtains Maintenance	تصليح ستائر			\N	\N	0	f	https://srvme.com/image/data/serviceIcon/serviceIcon_159_230123_142457_63ce6e89d3d88.png	https://srvme.com/image/data/serviceIcon/serviceIcon_159_230123_142457_63ce6e89d3d88.png	15.00	\N	f	2024-05-19 21:07:35.218393+00	2024-05-19 21:07:35.218393+00	44
284	Designing New Garden	تصميم وتنفيذ حديقه جديده	The 5 KD assessment value will be included in the total invoice 	  رسوم المعاينة ٥ دنانير يتم احتسابها  من اجمالي قيمة الفاتورة	\N	\N	6	t	https://srvme.com/image/data/serviceIcon/serviceIcon_284_240123_091858_63cf78520e73f.png	https://srvme.com/image/data/serviceIcon/serviceIcon_284_240123_091858_63cf78520e73f.png	5.00	\N	f	2024-05-19 21:07:35.218393+00	2024-05-19 21:07:35.218393+00	122
407	Designing New Wall Board	تصميم وتنفيذ ديكور حائط جديد	 Material ( Acrylic , Glass or Cork )	المواد المستخدمه ( أكريلك , زجاج , كورك )	\N	\N	18	t	https://srvme.com/image/data/serviceIcon/serviceIcon_407_240923_132442_65100e6a7a21a.png	https://srvme.com/image/data/serviceIcon/serviceIcon_407_240923_132442_65100e6a7a21a.png	5.00	\N	f	2024-05-19 21:07:35.218393+00	2024-05-19 21:07:35.218393+00	106
375	Desk	مكتب	 2 drawers are included, any extra drawer will cost 1.5 KD	يشمل درجين ، يضاف  ١.٥ د.ك لكل درج إضافي 	\N	\N	18	t	https://srvme.com/image/data/serviceIcon/serviceIcon_375_240123_091712_63cf77e88eac4.png	https://srvme.com/image/data/serviceIcon/serviceIcon_375_240123_091712_63cf77e88eac4.png	8.00	\N	f	2024-05-19 21:07:35.218393+00	2024-05-19 21:07:35.218393+00	13
396	Drain Jack Unclogging	تسليك بالسبرنج اليدوى			\N	\N	6	t	https://srvme.com/image/data/serviceIcon/serviceIcon_396_060923_084358_64f8119e385c8.png	https://srvme.com/image/data/serviceIcon/serviceIcon_396_060923_084358_64f8119e385c8.png	20.00	\N	f	2024-05-19 21:07:35.218393+00	2024-05-19 21:07:35.218393+00	114
397	Drain Unclogging With Spring Machine	تسليك بماكينة السبرنج			\N	\N	24	t	https://srvme.com/image/data/serviceIcon/serviceIcon_397_060923_084429_64f811bdb6561.png	https://srvme.com/image/data/serviceIcon/serviceIcon_397_060923_084429_64f811bdb6561.png	25.00	\N	f	2024-05-19 21:07:35.218393+00	2024-05-19 21:07:35.218393+00	114
327	Flat Moving	شقة	Price starting from 60 KD per way including 3 m bubbles & 1 roll nylon covering 	السعر يبدأ من ٦٠ د.ك للرحله شامل التغليف ( ١ رول نايلون + ٣ متر بلاستيك فقاعى ) 	\N	\N	18	t	https://srvme.com/image/data/serviceIcon/serviceIcon_327_240123_143334_63cfc20e6e39d.png	https://srvme.com/image/data/serviceIcon/serviceIcon_327_240123_143334_63cfc20e6e39d.png	0.00	\N	f	2024-05-19 21:07:35.218393+00	2024-05-19 21:07:35.218393+00	98
363	Float Replacement	اصلاح السيفون	Material Not Included	لا يشمل المواد	\N	\N	6	t	https://srvme.com/image/data/serviceIcon/serviceIcon_363_160223_110655_63ede41f8342e.png	https://srvme.com/image/data/serviceIcon/serviceIcon_363_160223_110655_63ede41f8342e.png	8.00	\N	f	2024-05-19 21:07:35.218393+00	2024-05-19 21:07:35.218393+00	109
391	Furniture Strap	حزام تثبيت الأثاث	 3 pieces included with installation (2.5 KD charged for each additional piece) 	يشمل عدد 3 قطع مع التركيب ( يتم احتساب 2.5 دينار على كل قطعه اضافيه) 	\N	\N	0	f	https://srvme.com/image/data/serviceIcon/serviceIcon_391_200923_111200_650aa9501b27d.png	https://srvme.com/image/data/serviceIcon/serviceIcon_391_200923_111200_650aa9501b27d.png	10.00	\N	f	2024-05-19 21:07:35.218393+00	2024-05-19 21:07:35.218393+00	88
389	Gas Burner Cleaning	تنظيف عيون الطباخ			\N	\N	0	f	https://srvme.com/image/data/serviceIcon/serviceIcon_389_070323_125805_64070aad58488.png	https://srvme.com/image/data/serviceIcon/serviceIcon_389_070323_125805_64070aad58488.png	10.00	\N	f	2024-05-19 21:07:35.218393+00	2024-05-19 21:07:35.218393+00	9
18	General Carpenter Repair	إصلاحات عامة للنجارة	The 5 KD assessment value will be included in the total invoice	رسوم المعاينة ٥ دنانير يتم احتسابها  من اجمالي قيمة الفاتورة	\N	\N	24	t	https://srvme.com/image/data/serviceIcon/serviceIcon_18_230123_132530_63ce609aaef0d.png	https://srvme.com/image/data/serviceIcon/serviceIcon_18_230123_132530_63ce609aaef0d.png	5.00	\N	f	2024-05-19 21:07:35.218393+00	2024-05-19 21:07:35.218393+00	3
225	General Cleaning	تنظيف عام	Free Assessment	معاينة مجانية 	\N	\N	18	t	https://srvme.com/image/data/serviceIcon/serviceIcon_225_230123_144549_63ce736d93743.png	https://srvme.com/image/data/serviceIcon/serviceIcon_225_230123_144549_63ce736d93743.png	0.00	\N	f	2024-05-19 21:07:35.218393+00	2024-05-19 21:07:35.218393+00	16
224	General Computers & Laptops Repair	إصلاحات عامة للكمبيوترواللابتوب	The 5 KD assessment value will be included in the total invoice 	  رسوم المعاينة ٥ دنانير يتم احتسابها  من اجمالي قيمة الفاتورة	\N	\N	0	f	https://srvme.com/image/data/serviceIcon/serviceIcon_224_240123_081249_63cf68d1c56f5.png	https://srvme.com/image/data/serviceIcon/serviceIcon_224_240123_081249_63cf68d1c56f5.png	5.00	\N	f	2024-05-19 21:07:35.218393+00	2024-05-19 21:07:35.218393+00	91
20	General Electrical Repair	إصلاحات عامة للكهرباء	The 5 KD assessment value will be included in the total invoice	رسوم المعاينة ٥ دنانير يتم احتسابها  من اجمالي قيمة الفاتورة	\N	\N	12	t	https://srvme.com/image/data/serviceIcon/serviceIcon_20_230123_153724_63ce7f844827b.png	https://srvme.com/image/data/serviceIcon/serviceIcon_20_230123_153724_63ce7f844827b.png	5.00	\N	f	2024-05-19 21:07:35.218393+00	2024-05-19 21:07:35.218393+00	6
255	General Maintenance	إصلاحات عامة	15KD Assessment	١٥ دينار معاينة 	\N	\N	6	t	https://srvme.com/image/data/serviceIcon/serviceIcon_255_050524_142850_66376d72c01f8.png	https://srvme.com/image/data/serviceIcon/serviceIcon_255_050524_142850_66376d72c01f8.png	15.00	\N	f	2024-05-19 21:07:35.218393+00	2024-05-19 21:07:35.218393+00	10
345	General Metal Repair	اصلاحات عامة للحدادة	The 10 KD assessment value will be included in the total invoice	رسوم المعاينة ١٠ دنانير يتم احتسابها من اجمالي قيمة الفاتورة	\N	\N	24	t	https://srvme.com/image/data/serviceIcon/serviceIcon_345_240123_075726_63cf653652a4a.png	https://srvme.com/image/data/serviceIcon/serviceIcon_345_240123_075726_63cf653652a4a.png	10.00	\N	f	2024-05-19 21:07:35.218393+00	2024-05-19 21:07:35.218393+00	101
408	General Pest Control	مكافحة عامة للحشرات			\N	\N	6	t	https://srvme.com/image/data/serviceIcon/serviceIcon_408_200923_104622_650aa34e1f094.png	https://srvme.com/image/data/serviceIcon/serviceIcon_408_200923_104622_650aa34e1f094.png	5.00	\N	f	2024-05-19 21:07:35.218393+00	2024-05-19 21:07:35.218393+00	19
293	Glass Doors	أبواب زجاج	price starting from 80 KD, Installation & material included	السعر يبدأ من ٨٠ دينار شامل التركيب والمواد	\N	\N	6	t	https://srvme.com/image/data/serviceIcon/serviceIcon_293_240123_131609_63cfafe927d6e.png	https://srvme.com/image/data/serviceIcon/serviceIcon_293_240123_131609_63cfafe927d6e.png	5.00	\N	f	2024-05-19 21:07:35.218393+00	2024-05-19 21:07:35.218393+00	123
294	Glass Facade	واجهات زجاجيه	 price starting from 15 KD per meter	السعر يبدأ من ١٥ دينار للمتر 	\N	\N	6	t	https://srvme.com/image/data/serviceIcon/serviceIcon_294_240123_131835_63cfb07b2b564.png	https://srvme.com/image/data/serviceIcon/serviceIcon_294_240123_131835_63cfb07b2b564.png	5.00	\N	f	2024-05-19 21:07:35.218393+00	2024-05-19 21:07:35.218393+00	123
287	Glass Maintenance	صيانة زجاج	The 5 KD assessment value will be included in the total invoice	\\رسوم المعاينة ٥ دنانير يتم احتسابها من اجمالي قيمة الفاتورة	\N	\N	6	t	https://srvme.com/image/data/serviceIcon/serviceIcon_287_240123_131929_63cfb0b19654f.png	https://srvme.com/image/data/serviceIcon/serviceIcon_287_240123_131929_63cfb0b19654f.png	5.00	\N	f	2024-05-19 21:07:35.218393+00	2024-05-19 21:07:35.218393+00	123
292	Glass Mirrors	مرايات زجاج	Price Starting from 15 KD	السعر يبدأ من ١٥ دينار للمتر	\N	\N	30	t	https://srvme.com/image/data/serviceIcon/serviceIcon_292_240123_132114_63cfb11a91f0a.png	https://srvme.com/image/data/serviceIcon/serviceIcon_292_240123_132114_63cfb11a91f0a.png	5.00	\N	f	2024-05-19 21:07:35.218393+00	2024-05-19 21:07:35.218393+00	123
291	Glass Railing	درابزين زجاجى	price starting from 50 KD per meter	السعر يبدأ من ٥٠ دينار للمتر 	\N	\N	30	t	https://srvme.com/image/data/serviceIcon/serviceIcon_291_240923_132639_65100edfc9c0d.png	https://srvme.com/image/data/serviceIcon/serviceIcon_291_240923_132639_65100edfc9c0d.png	5.00	\N	f	2024-05-19 21:07:35.218393+00	2024-05-19 21:07:35.218393+00	123
288	Glass Shelves	أرفف زجاج	The 5 KD assessment value will be included in the total invoice 	رسوم المعاينة ٥ دنانير يتم احتسابها من اجمالي قيمة الفاتورة	\N	\N	24	t	https://srvme.com/image/data/serviceIcon/serviceIcon_288_240123_132325_63cfb19dd13d1.png	https://srvme.com/image/data/serviceIcon/serviceIcon_288_240123_132325_63cfb19dd13d1.png	5.00	\N	f	2024-05-19 21:07:35.218393+00	2024-05-19 21:07:35.218393+00	123
289	Glass Shower Box	شاور بوكس	 price starting from 80 KD, Installation Material included 	 السعر يبدأ من ٨٠ دينار، شامل المواد وتركيب	\N	\N	6	t	https://srvme.com/image/data/serviceIcon/serviceIcon_289_240123_132423_63cfb1d7d0c50.png	https://srvme.com/image/data/serviceIcon/serviceIcon_289_240123_132423_63cfb1d7d0c50.png	5.00	\N	f	2024-05-19 21:07:35.218393+00	2024-05-19 21:07:35.218393+00	123
290	Glass Table Tops	طاولات زجاجية	 price starting from 13 KD per meter	السعر يبدأ من ١٣ دينار للمتر	\N	\N	0	f	https://srvme.com/image/data/serviceIcon/serviceIcon_290_240123_132610_63cfb2426258c.png	https://srvme.com/image/data/serviceIcon/serviceIcon_290_240123_132610_63cfb2426258c.png	5.00	\N	f	2024-05-19 21:07:35.218393+00	2024-05-19 21:07:35.218393+00	123
414	Handyman Assessment	معاينة العامل المتكامل 	The 5 KD assessment value will be included in the total invoice	رسوم المعاينة ٥ دنانير يتم احتسابها من اجمالي قيمة الفاتورة	\N	\N	0	f	https://srvme.com/image/data/service_noimage.png	https://srvme.com/image/data/service_noimage.png	5.00	\N	f	2024-05-19 21:07:35.218393+00	2024-05-19 21:07:35.218393+00	126
406	Heater Component Replacement	تبديل ملحقات السخان	Material Not Included	لا يشمل المواد	\N	\N	30	t	https://srvme.com/image/data/serviceIcon/serviceIcon_406_060923_104143_64f82d37ed9c8.png	https://srvme.com/image/data/serviceIcon/serviceIcon_406_060923_104143_64f82d37ed9c8.png	8.00	\N	f	2024-05-19 21:07:35.218393+00	2024-05-19 21:07:35.218393+00	28
328	House Moving	منزل	Price starting from 60 KD per way including 3 m bubbles & 1 roll nylon covering 	السعر يبدأ من ٦٠ د.ك للرحله شامل التغليف ( ١ رول نايلون + ٣ متر بلاستيك فقاعى ) 	\N	\N	30	t	https://srvme.com/image/data/serviceIcon/serviceIcon_328_240123_143523_63cfc27b69711.png	https://srvme.com/image/data/serviceIcon/serviceIcon_328_240123_143523_63cfc27b69711.png	0.00	\N	f	2024-05-19 21:07:35.218393+00	2024-05-19 21:07:35.218393+00	98
387	Installation Of Small/medium Size Curtains	تركيب ستائر حجم صغير أو وسط	Material not included	 لا يشمل المواد 	\N	\N	12	t	https://srvme.com/image/data/serviceIcon/serviceIcon_387_240123_133105_63cfb369484e3.png	https://srvme.com/image/data/serviceIcon/serviceIcon_387_240123_133105_63cfb369484e3.png	7.00	\N	f	2024-05-19 21:07:35.218393+00	2024-05-19 21:07:35.218393+00	118
388	Installing Large Curtains	تركيب ستائر حجم كبير	Material not included	لا يشمل المواد 	\N	\N	18	t	https://srvme.com/image/data/serviceIcon/serviceIcon_388_240123_133127_63cfb37fdd46a.png	https://srvme.com/image/data/serviceIcon/serviceIcon_388_240123_133127_63cfb37fdd46a.png	10.00	\N	f	2024-05-19 21:07:35.218393+00	2024-05-19 21:07:35.218393+00	118
386	Large Frame	اطار حجم كبير			\N	\N	30	t	https://srvme.com/image/data/serviceIcon/serviceIcon_386_240123_133209_63cfb3a959197.png	https://srvme.com/image/data/serviceIcon/serviceIcon_386_240123_133209_63cfb3a959197.png	5.00	\N	f	2024-05-19 21:07:35.218393+00	2024-05-19 21:07:35.218393+00	117
383	Large Shelf	رف حجم كبير			\N	\N	12	t	https://srvme.com/image/data/serviceIcon/serviceIcon_383_240123_133332_63cfb3fc94593.png	https://srvme.com/image/data/serviceIcon/serviceIcon_383_240123_133332_63cfb3fc94593.png	7.00	\N	f	2024-05-19 21:07:35.218393+00	2024-05-19 21:07:35.218393+00	116
353	Light Fixture Installation	تبديل هولدر	Price per unit 2.5 KD - minimum order 4 units (material not included) 	سعر القطعة 2.5 دك - اقل طلب 4 قطع (لا يشمل المواد)	\N	\N	0	f	https://srvme.com/image/data/serviceIcon/serviceIcon_353_230123_153944_63ce80100253c.png	https://srvme.com/image/data/serviceIcon/serviceIcon_353_230123_153944_63ce80100253c.png	10.00	\N	f	2024-05-19 21:07:35.218393+00	2024-05-19 21:07:35.218393+00	6
385	Medium Frame	اطار حجم وسط	The minimum order is 4 units, the unit price is 1.250 K.D	الحد الأدنى للطلب ٤ وحدات ، سعر الوحدة ١.٢٥٠ د.ك	\N	\N	6	t	https://srvme.com/image/data/serviceIcon/serviceIcon_385_240123_133411_63cfb42381f0c.png	https://srvme.com/image/data/serviceIcon/serviceIcon_385_240123_133411_63cfb42381f0c.png	5.00	\N	f	2024-05-19 21:07:35.218393+00	2024-05-19 21:07:35.218393+00	117
382	Medium Shelf	رف حجم وسط			\N	\N	6	t	https://srvme.com/image/data/serviceIcon/serviceIcon_382_240123_133447_63cfb4475afed.png	https://srvme.com/image/data/serviceIcon/serviceIcon_382_240123_133447_63cfb4475afed.png	5.00	\N	f	2024-05-19 21:07:35.218393+00	2024-05-19 21:07:35.218393+00	116
340	Metal Doors	أبواب حديد	10 KD assessment value will be included in the total invoice	رسوم المعاينة ١٠ دنانير يتم احتسابها من اجمالي قيمة الفاتورة	\N	\N	24	t	https://srvme.com/image/data/serviceIcon/serviceIcon_340_240123_075821_63cf656d40b5e.png	https://srvme.com/image/data/serviceIcon/serviceIcon_340_240123_075821_63cf656d40b5e.png	10.00	\N	f	2024-05-19 21:07:35.218393+00	2024-05-19 21:07:35.218393+00	101
339	Metal Fences	أسوار حديد	The 10 KD assessment value will be included in the total invoice	رسوم المعاينة ١٠ دنانير يتم احتسابها من اجمالي قيمة الفاتورة	\N	\N	30	t	https://srvme.com/image/data/serviceIcon/serviceIcon_339_240123_075833_63cf6579bf205.png	https://srvme.com/image/data/serviceIcon/serviceIcon_339_240123_075833_63cf6579bf205.png	10.00	\N	f	2024-05-19 21:07:35.218393+00	2024-05-19 21:07:35.218393+00	101
338	Metal Handrail	درابزين حديد	The 10 KD assessment value will be included in the total invoice	رسوم المعاينة ١٠ دنانير يتم احتسابها من اجمالي قيمة الفاتورة	\N	\N	30	t	https://srvme.com/image/data/serviceIcon/serviceIcon_338_240123_075845_63cf658527818.png	https://srvme.com/image/data/serviceIcon/serviceIcon_338_240123_075845_63cf658527818.png	10.00	\N	f	2024-05-19 21:07:35.218393+00	2024-05-19 21:07:35.218393+00	101
215	Mini Split Cleaning	غسيل وحدات تكييف	Coil cleaning, filter cleaning & gas inspection 	غسيل الملفات وتنظيف الفلتر وفحص الغاز	\N	\N	0	f	https://srvme.com/image/data/serviceIcon/serviceIcon_215_240123_134846_63cfb78ec5970.png	https://srvme.com/image/data/serviceIcon/serviceIcon_215_240123_134846_63cfb78ec5970.png	9.00	\N	f	2024-05-19 21:07:35.218393+00	2024-05-19 21:07:35.218393+00	53
216	Mini Split Gas Leak Repair	اصلاح تسريب الغاز	The 5 KD assessment value will be included in the total invoice	رسوم المعاينة ٥ دنانير يتم احتسابها من اجمالي قيمة الفاتورة	\N	\N	30	t	https://srvme.com/image/data/serviceIcon/serviceIcon_216_071123_104956_6549ec242fe6d.png	https://srvme.com/image/data/serviceIcon/serviceIcon_216_071123_104956_6549ec242fe6d.png	5.00	\N	f	2024-05-19 21:07:35.218393+00	2024-05-19 21:07:35.218393+00	53
214	Mini Split Repair	تصليح وحدات التكييف	The 5 KD assessment value will be included in the total invoice	 رسوم المعاينة ٥ دنانير يتم احتسابها من اجمالي قيمة الفاتورة	\N	\N	6	t	https://srvme.com/image/data/serviceIcon/serviceIcon_214_240123_140057_63cfba6952e0e.png	https://srvme.com/image/data/serviceIcon/serviceIcon_214_240123_140057_63cfba6952e0e.png	5.00	\N	f	2024-05-19 21:07:35.218393+00	2024-05-19 21:07:35.218393+00	53
318	Mirror  Installation - Large Size	تركيب مرآة - حجم كبير			\N	\N	18	t	https://srvme.com/image/data/serviceIcon/serviceIcon_318_240123_133513_63cfb461bff87.png	https://srvme.com/image/data/serviceIcon/serviceIcon_318_240123_133513_63cfb461bff87.png	9.00	\N	f	2024-05-19 21:07:35.218393+00	2024-05-19 21:07:35.218393+00	119
361	Mixer Installation	تركيب خلاط	Material not included	لا يشمل المواد	\N	\N	24	t	https://srvme.com/image/data/serviceIcon/serviceIcon_361_240123_083046_63cf6d06c7757.png	https://srvme.com/image/data/serviceIcon/serviceIcon_361_240123_083046_63cf6d06c7757.png	9.00	\N	f	2024-05-19 21:07:35.218393+00	2024-05-19 21:07:35.218393+00	108
306	Modify Existing Duct Work	تعديل الدكتات	Please note that after the completion of the inspection, a date for the service will be determined	يرجى العلم ان بعد الانتهاء من المعاينة سوف يتم تحديد موعد الخدمة	\N	\N	6	t	https://srvme.com/image/data/serviceIcon/serviceIcon_306_230123_144851_63ce7423d0625.png	https://srvme.com/image/data/serviceIcon/serviceIcon_306_230123_144851_63ce7423d0625.png	5.00	\N	f	2024-05-19 21:07:35.218393+00	2024-05-19 21:07:35.218393+00	87
351	New Lighting Point Installation	تركيب نقطة انارة جديدة	10 KD Assessment 	10 دنانير معاينه  	\N	\N	18	t	https://srvme.com/image/data/serviceIcon/serviceIcon_351_230123_154223_63ce80afedb85.png	https://srvme.com/image/data/serviceIcon/serviceIcon_351_230123_154223_63ce80afedb85.png	10.00	\N	f	2024-05-19 21:07:35.218393+00	2024-05-19 21:07:35.218393+00	6
349	New Power Outlet Installation	تمديد نقطة كهرباء	10 KD Assessment	 10 دنانير معاينة 	\N	\N	0	f	https://srvme.com/image/data/serviceIcon/serviceIcon_349_230123_154320_63ce80e8a0969.png	https://srvme.com/image/data/serviceIcon/serviceIcon_349_230123_154320_63ce80e8a0969.png	10.00	\N	f	2024-05-19 21:07:35.218393+00	2024-05-19 21:07:35.218393+00	6
335	New Sofa Design	تصميم صوفا جديد	Free Assessment	معاينة مجانيه 	\N	\N	30	t	https://srvme.com/image/data/serviceIcon/serviceIcon_335_230123_142641_63ce6ef121e19.png	https://srvme.com/image/data/serviceIcon/serviceIcon_335_230123_142641_63ce6ef121e19.png	0.00	\N	f	2024-05-19 21:07:35.218393+00	2024-05-19 21:07:35.218393+00	99
329	Office Moving	مكتب	Price starting from 60 KD per way including 3 m bubbles & 1 roll nylon covering 	السعر يبدأ من ٦٠ دينار للرحله شامل التغليف ( ١ رول نايلون + ٣ متر بلاستيك فقاعى ) 	\N	\N	6	t	https://srvme.com/image/data/serviceIcon/serviceIcon_329_240123_143759_63cfc317b5ed1.png	https://srvme.com/image/data/serviceIcon/serviceIcon_329_240123_143759_63cfc317b5ed1.png	0.00	\N	f	2024-05-19 21:07:35.218393+00	2024-05-19 21:07:35.218393+00	98
344	Other Mobile Repairs	Other Mobile Repairs			\N	\N	0	f	https://srvme.com/image/data/serviceIcon/serviceIcon_344_240123_090822_63cf75d624233.png	https://srvme.com/image/data/serviceIcon/serviceIcon_344_240123_090822_63cf75d624233.png	5.00	\N	f	2024-05-19 21:07:35.218393+00	2024-05-19 21:07:35.218393+00	26
332	Pc Board Replacement	تبديل لوحة التحكم	PC board not included	لا يشمل لوحة التحكم	\N	\N	30	t	https://srvme.com/image/data/serviceIcon/serviceIcon_332_240123_140757_63cfbc0d8dd0b.png	https://srvme.com/image/data/serviceIcon/serviceIcon_332_240123_140757_63cfbc0d8dd0b.png	15.00	\N	f	2024-05-19 21:07:35.218393+00	2024-05-19 21:07:35.218393+00	53
17	Plumbing Assessment	إصلاحات عامة وتركيبات للصرف الصحي	The 5 KD assessment value will be included in the total invoice 	رسوم المعاينة ٥ دنانير يتم احتسابها من اجمالي قيمة الفاتورة	\N	\N	30	t	https://srvme.com/image/data/serviceIcon/serviceIcon_17_250123_101450_63d0d6eae7820.png	https://srvme.com/image/data/serviceIcon/serviceIcon_17_250123_101450_63d0d6eae7820.png	5.00	\N	f	2024-05-19 21:07:35.218393+00	2024-05-19 21:07:35.218393+00	121
305	Replace Duct Canvas Or Insulation	تبديل كانفاس ماكينة التكييف أو العازل	Please note that after the completion of the inspection, a date for the service will be determined	يرجى العلم ان بعد الانتهاء من المعاينة سوف يتم تحديد موعد الخدمة	\N	\N	0	f	https://srvme.com/image/data/serviceIcon/serviceIcon_305_240123_123714_63cfa6ca637b1.png	https://srvme.com/image/data/serviceIcon/serviceIcon_305_240123_123714_63cfa6ca637b1.png	5.00	\N	f	2024-05-19 21:07:35.218393+00	2024-05-19 21:07:35.218393+00	87
295	Roof Insulation Assessment	معاينة	Price starting from 1 kd per meter ( jotaroof / Tarpaulins / American spray foam /epoxy )	(عازل جيتاروف / طربال / رش أمريكي / ابوكسي ) السعر يبدأ من ١ دينار للمتر	\N	\N	12	t	https://srvme.com/image/data/serviceIcon/serviceIcon_295_250123_101518_63d0d70680bdd.png	https://srvme.com/image/data/serviceIcon/serviceIcon_295_250123_101518_63d0d70680bdd.png	0.00	\N	f	2024-05-19 21:07:35.218393+00	2024-05-19 21:07:35.218393+00	86
352	Short Circuit Repair	اصلاح شورت	The 10 KD assessment value will be included in the total invoice	  رسوم المعاينة 10 دنانير يتم احتسابها  من اجمالي قيمة الفاتورة	\N	\N	30	t	https://srvme.com/image/data/serviceIcon/serviceIcon_352_240123_124207_63cfa7ef4940d.png	https://srvme.com/image/data/serviceIcon/serviceIcon_352_240123_124207_63cfa7ef4940d.png	10.00	\N	f	2024-05-19 21:07:35.218393+00	2024-05-19 21:07:35.218393+00	6
362	Shower Stand Installation	تركيب ستاند الشاور	Material not included	لا يشمل المواد 	\N	\N	12	t	https://srvme.com/image/data/serviceIcon/serviceIcon_362_250123_135636_63d10ae4bab7e.png	https://srvme.com/image/data/serviceIcon/serviceIcon_362_250123_135636_63d10ae4bab7e.png	10.00	\N	f	2024-05-19 21:07:35.218393+00	2024-05-19 21:07:35.218393+00	108
376	Single Door Closet	خزانة باب واحد	 2 drawers are included, any extra drawer will cost 1.5 KD	يشمل درجين ، يضاف  ١.٥ د.ك لكل درج إضافي 	\N	\N	30	t	https://srvme.com/image/data/serviceIcon/serviceIcon_376_240123_092727_63cf7a4f6b704.png	https://srvme.com/image/data/serviceIcon/serviceIcon_376_240123_092727_63cf7a4f6b704.png	7.00	\N	f	2024-05-19 21:07:35.218393+00	2024-05-19 21:07:35.218393+00	13
358	Sink Accessories Installation	تركيب اكسسوارات المغسلة	Minimum order two units (materials not included)	الحد الأدنى للطلب وحدتين (لا يشمل المواد)	\N	\N	30	t	https://srvme.com/image/data/serviceIcon/serviceIcon_358_250123_101904_63d0d7e8596b0.png	https://srvme.com/image/data/serviceIcon/serviceIcon_358_250123_101904_63d0d7e8596b0.png	10.00	\N	f	2024-05-19 21:07:35.218393+00	2024-05-19 21:07:35.218393+00	108
359	Sink Component Installation	تركيب ملحقات مغسلة	Material not included	لا يشمل المواد 	\N	\N	12	t	https://srvme.com/image/data/serviceIcon/serviceIcon_359_250123_102003_63d0d823888b1.png	https://srvme.com/image/data/serviceIcon/serviceIcon_359_250123_102003_63d0d823888b1.png	8.00	\N	f	2024-05-19 21:07:35.218393+00	2024-05-19 21:07:35.218393+00	108
403	Sink Or Shower Unclogging	تسليك صرف المغسلة أو الشاور			\N	\N	0	f	https://srvme.com/image/data/serviceIcon/serviceIcon_403_060923_095737_64f822e1d94a7.png	https://srvme.com/image/data/serviceIcon/serviceIcon_403_060923_095737_64f822e1d94a7.png	11.00	\N	f	2024-05-19 21:07:35.218393+00	2024-05-19 21:07:35.218393+00	114
360	Sink Replacement	تبديل المغسلة	Material not included	لايشمل المواد	\N	\N	6	t	https://srvme.com/image/data/serviceIcon/serviceIcon_360_250123_102057_63d0d8590252a.png	https://srvme.com/image/data/serviceIcon/serviceIcon_360_250123_102057_63d0d8590252a.png	16.00	\N	f	2024-05-19 21:07:35.218393+00	2024-05-19 21:07:35.218393+00	108
384	Small Frame	اطار حجم صغير	The minimum order is five units, the unit price is 1 K.D.	الحد الأدنى للطلب ٥ وحدات ، سعر الوحدة ١ د.ك	\N	\N	12	t	https://srvme.com/image/data/serviceIcon/serviceIcon_384_240123_133810_63cfb51216dfc.png	https://srvme.com/image/data/serviceIcon/serviceIcon_384_240123_133810_63cfb51216dfc.png	5.00	\N	f	2024-05-19 21:07:35.218393+00	2024-05-19 21:07:35.218393+00	117
381	Small Shelf	رف حجم صغير	The minimum order is two units, the unit price is 3 K.D	الحد الأدنى للطلب وحدتين ، سعر الوحدة ٣ د.ك	\N	\N	18	t	https://srvme.com/image/data/serviceIcon/serviceIcon_381_240123_134129_63cfb5d925c25.png	https://srvme.com/image/data/serviceIcon/serviceIcon_381_240123_134129_63cfb5d925c25.png	6.00	\N	f	2024-05-19 21:07:35.218393+00	2024-05-19 21:07:35.218393+00	116
409	Smart Door Lock Installation	تركيب قفل الباب الذكى	Price Includes Installation And Programming The Smart Lock Only 	السعر يشمل تركيب وبرمجة القفل فقط	\N	\N	12	t	https://srvme.com/image/data/serviceIcon/serviceIcon_409_210124_092403_65acb8837caba.png	https://srvme.com/image/data/serviceIcon/serviceIcon_409_210124_092403_65acb8837caba.png	15.00	\N	f	2024-05-19 21:07:35.218393+00	2024-05-19 21:07:35.218393+00	124
411	Smart Lock For Aluminium Door	قفل ذكى للباب الألمنيوم	Installation included , 1 year warranty	شامل التركيب ، كفالة سنة	\N	\N	0	f	https://srvme.com/image/data/serviceIcon/serviceIcon_411_210124_093730_65acbbaadf538.png	https://srvme.com/image/data/serviceIcon/serviceIcon_411_210124_093730_65acbbaadf538.png	60.00	\N	f	2024-05-19 21:07:35.218393+00	2024-05-19 21:07:35.218393+00	124
412	Smart Lock For Glass Door	قفل ذكى للباب الزجاج	Installation included , 1 year warranty	شامل التركيب ، كفالة سنه	\N	\N	0	f	https://srvme.com/image/data/serviceIcon/serviceIcon_412_210124_093740_65acbbb4911da.png	https://srvme.com/image/data/serviceIcon/serviceIcon_412_210124_093740_65acbbb4911da.png	60.00	\N	f	2024-05-19 21:07:35.218393+00	2024-05-19 21:07:35.218393+00	124
410	Smart Lock For Wooden Door	قفل ذكى للباب الخشبي	Installation included  , 1 year warranty	شامل التركيب ، كفالة سنه	\N	\N	24	t	https://srvme.com/image/data/serviceIcon/serviceIcon_410_210124_093755_65acbbc37714a.png	https://srvme.com/image/data/serviceIcon/serviceIcon_410_210124_093755_65acbbc37714a.png	60.00	\N	f	2024-05-19 21:07:35.218393+00	2024-05-19 21:07:35.218393+00	124
334	Sofa Maintenance	صيانة أطقم الكنب			\N	\N	12	t	https://srvme.com/image/data/serviceIcon/serviceIcon_334_230123_142916_63ce6f8cddf70.png	https://srvme.com/image/data/serviceIcon/serviceIcon_334_230123_142916_63ce6f8cddf70.png	5.00	\N	f	2024-05-19 21:07:35.218393+00	2024-05-19 21:07:35.218393+00	99
341	Special Designs	تصميمات خاصه	The 10 KD assessment value will be included in the total invoice	رسوم المعاينة ١٠ دنانير يتم احتسابها من اجمالي قيمة الفاتورة	\N	\N	12	t	https://srvme.com/image/data/serviceIcon/serviceIcon_341_240123_075910_63cf659e1fdbe.png	https://srvme.com/image/data/serviceIcon/serviceIcon_341_240123_075910_63cf659e1fdbe.png	10.00	\N	f	2024-05-19 21:07:35.218393+00	2024-05-19 21:07:35.218393+00	101
413	Stove & Oven Cleaning	تنظيف الطباخ والفرن	Free Assessment , price starting from 25 kd for 60 *90 cm stove 	معاينة مجانية السعر يبدا من 25 دينار للطباخ مقاس ٦٠*٩٠ سم	\N	\N	24	t	https://srvme.com/image/data/serviceIcon/serviceIcon_413_120324_111819_65f00fcbbb502.png	https://srvme.com/image/data/serviceIcon/serviceIcon_413_120324_111819_65f00fcbbb502.png	25.00	\N	f	2024-05-19 21:07:35.218393+00	2024-05-19 21:07:35.218393+00	16
304	Supply & Install New Air Vent	توريد وتركيب مداخل ومخارج الهواء	Linear & Diffuser Or Bar Grill 	لينيرات ودفيوزرات والجريلات 	\N	\N	12	t	https://srvme.com/image/data/serviceIcon/serviceIcon_304_230123_145344_63ce7548c0f74.png	https://srvme.com/image/data/serviceIcon/serviceIcon_304_230123_145344_63ce7548c0f74.png	5.00	\N	f	2024-05-19 21:07:35.218393+00	2024-05-19 21:07:35.218393+00	87
364	Toilet Cover Installation	تركيب غطاء المرحاض	Material not included	لا يشمل المواد 	\N	\N	6	t	https://srvme.com/image/data/serviceIcon/serviceIcon_364_160223_110724_63ede43c8560a.png	https://srvme.com/image/data/serviceIcon/serviceIcon_364_160223_110724_63ede43c8560a.png	8.00	\N	f	2024-05-19 21:07:35.218393+00	2024-05-19 21:07:35.218393+00	109
404	Toilet Flush Repair	صيانة سيفون المرحاض	Material Not Included	لايشمل المواد	\N	\N	30	t	https://srvme.com/image/data/serviceIcon/serviceIcon_404_060923_100432_64f824802cb95.png	https://srvme.com/image/data/serviceIcon/serviceIcon_404_060923_100432_64f824802cb95.png	8.00	\N	f	2024-05-19 21:07:35.218393+00	2024-05-19 21:07:35.218393+00	109
368	Toilet Leak Repair	اصلاح تسريب المرحاض	Material not included	لا يشمل المواد 	\N	\N	30	t	https://srvme.com/image/data/serviceIcon/serviceIcon_368_160223_110737_63ede449a1428.png	https://srvme.com/image/data/serviceIcon/serviceIcon_368_160223_110737_63ede449a1428.png	12.00	\N	f	2024-05-19 21:07:35.218393+00	2024-05-19 21:07:35.218393+00	109
367	Toilet Mixer Replacement	تبديل خلاط الشطاف	Material not included	لا يشمل المواد 	\N	\N	12	t	https://srvme.com/image/data/serviceIcon/serviceIcon_367_240123_083104_63cf6d181e3b1.png	https://srvme.com/image/data/serviceIcon/serviceIcon_367_240123_083104_63cf6d181e3b1.png	8.00	\N	f	2024-05-19 21:07:35.218393+00	2024-05-19 21:07:35.218393+00	109
369	Toilet Removal & Installation	فك وتركيب المرحاض	Material not included	لا يشمل المواد 	\N	\N	24	t	https://srvme.com/image/data/serviceIcon/serviceIcon_369_160223_110641_63ede411deb0a.png	https://srvme.com/image/data/serviceIcon/serviceIcon_369_160223_110641_63ede411deb0a.png	25.00	\N	f	2024-05-19 21:07:35.218393+00	2024-05-19 21:07:35.218393+00	109
398	Toilet Unclogging	تسليك صرف المرحاض			\N	\N	30	t	https://srvme.com/image/data/serviceIcon/serviceIcon_398_060923_100030_64f8238e47ccf.png	https://srvme.com/image/data/serviceIcon/serviceIcon_398_060923_100030_64f8238e47ccf.png	15.00	\N	f	2024-05-19 21:07:35.218393+00	2024-05-19 21:07:35.218393+00	114
401	Transparent Water Filter Installation Or Replacement	تركيب أو تبديل فلتر المياه الشفاف	Parts Not Included	لايشمل المواد	\N	\N	12	t	https://srvme.com/image/data/serviceIcon/serviceIcon_401_060923_093302_64f81d1e9482b.png	https://srvme.com/image/data/serviceIcon/serviceIcon_401_060923_093302_64f81d1e9482b.png	9.00	\N	f	2024-05-19 21:07:35.218393+00	2024-05-19 21:07:35.218393+00	111
399	Transparent Water Filter Maintenance	صيانة فلتر المياه الشفاف	Minimum 2 Units ( Only Cartridge Included )	 أقل طلب وحدتين ( يشمل الشمعه فقط )	\N	\N	18	t	https://srvme.com/image/data/serviceIcon/serviceIcon_399_060923_090920_64f8179070a00.png	https://srvme.com/image/data/serviceIcon/serviceIcon_399_060923_090920_64f8179070a00.png	9.00	\N	f	2024-05-19 21:07:35.218393+00	2024-05-19 21:07:35.218393+00	111
25	Tv & Satellite Assessment	معاينه التلفزيون والستلايت	The 5 KD assessment value will be included in the total invoice	رسوم المعاينة ٥ دنانير يتم احتسابها من اجمالي قيمة الفاتورة	\N	\N	0	f	https://srvme.com/image/data/serviceIcon/serviceIcon_25_250123_103015_63d0da873e492.png	https://srvme.com/image/data/serviceIcon/serviceIcon_25_250123_103015_63d0da873e492.png	5.00	\N	f	2024-05-19 21:07:35.218393+00	2024-05-19 21:07:35.218393+00	7
374	Tv Table	طاولة تلفزيون	2 drawers are included, any extra drawer will cost 1.5 KD	يشمل درجين ، يضاف  ١.٥ د.ك لكل درج إضافي 	\N	\N	30	t	https://srvme.com/image/data/serviceIcon/serviceIcon_374_240123_093035_63cf7b0bc6700.png	https://srvme.com/image/data/serviceIcon/serviceIcon_374_240123_093035_63cf7b0bc6700.png	7.00	\N	f	2024-05-19 21:07:35.218393+00	2024-05-19 21:07:35.218393+00	13
390	Tv Wall Unit	ديكور حائط التلفاز	 TV Panel Design and Production: We create stylish and custom TV panels 	تصميم وتنفيذ ديكور حائط التلفزيون	\N	\N	12	t	https://srvme.com/image/data/serviceIcon/serviceIcon_390_120623_103531_6486cac36dc46.png	https://srvme.com/image/data/serviceIcon/serviceIcon_390_120623_103531_6486cac36dc46.png	5.00	\N	f	2024-05-19 21:07:35.218393+00	2024-05-19 21:07:35.218393+00	3
365	Valve Installation	تركيب محبس	Material not included	لا يشمل المواد 	\N	\N	24	t	https://srvme.com/image/data/serviceIcon/serviceIcon_365_250123_102520_63d0d9600e895.png	https://srvme.com/image/data/serviceIcon/serviceIcon_365_250123_102520_63d0d9600e895.png	7.00	\N	f	2024-05-19 21:07:35.218393+00	2024-05-19 21:07:35.218393+00	109
357	Valve Replacement	تبديل محبس	Material not included	لا يشمل المواد 	\N	\N	12	t	https://srvme.com/image/data/serviceIcon/serviceIcon_357_250123_135720_63d10b104f60e.png	https://srvme.com/image/data/serviceIcon/serviceIcon_357_250123_135720_63d10b104f60e.png	7.00	\N	f	2024-05-19 21:07:35.218393+00	2024-05-19 21:07:35.218393+00	108
393	Washer And Dryer Cleaning	تنظيف الغسالة والنشافة	Includes cleaning the filter and the rubber 	يشمل تنظيف الفلتر و الربل	\N	\N	6	t	https://srvme.com/image/data/serviceIcon/serviceIcon_393_200923_103001_650a9f79bbea9.png	https://srvme.com/image/data/serviceIcon/serviceIcon_393_200923_103001_650a9f79bbea9.png	25.00	\N	f	2024-05-19 21:07:35.218393+00	2024-05-19 21:07:35.218393+00	9
392	Washer Or Dryer Repair	اصلاح غسالات ونشافات	The 5 KD assessment value will be included in the total invoice	رسوم المعاينة ٥ دنانير يتم احتسابها من اجمالي قيمة الفاتورة	\N	\N	12	t	https://srvme.com/image/data/serviceIcon/serviceIcon_392_270723_134042_64c249aaacc53.png	https://srvme.com/image/data/serviceIcon/serviceIcon_392_270723_134042_64c249aaacc53.png	5.00	\N	f	2024-05-19 21:07:35.218393+00	2024-05-19 21:07:35.218393+00	9
366	Water Hose Replacement	تركيب هوز الشطاف	Material not included	لا يشمل المواد 	\N	\N	0	f	https://srvme.com/image/data/serviceIcon/serviceIcon_366_250123_103346_63d0db5ae4132.png	https://srvme.com/image/data/serviceIcon/serviceIcon_366_250123_103346_63d0db5ae4132.png	8.00	\N	f	2024-05-19 21:07:35.218393+00	2024-05-19 21:07:35.218393+00	109
371	Water Pump Maintenance	صيانة مضخة المياه	The 10 KD assessment value will be included in the total invoice	رسوم المعاينة 10 دنانير يتم احتسابها من اجمالي قيمة الفاتورة	\N	\N	30	t	https://srvme.com/image/data/serviceIcon/serviceIcon_371_240123_084731_63cf70f35e4a0.png	https://srvme.com/image/data/serviceIcon/serviceIcon_371_240123_084731_63cf70f35e4a0.png	10.00	\N	f	2024-05-19 21:07:35.218393+00	2024-05-19 21:07:35.218393+00	113
370	Water Tank & Pipes Assessment	معاينة خزان المياه والبايبات	The 5 KD assessment value will be included in the total invoice	رسوم المعاينة ٥ دنانير يتم احتسابها من اجمالي قيمة الفاتورة	\N	\N	18	t	https://srvme.com/image/data/serviceIcon/serviceIcon_370_250123_103713_63d0dc2964a8b.png	https://srvme.com/image/data/serviceIcon/serviceIcon_370_250123_103713_63d0dc2964a8b.png	5.00	\N	f	2024-05-19 21:07:35.218393+00	2024-05-19 21:07:35.218393+00	112
394	Window Handle Lock	قفل يدة شباك الألومنيوم	Window handle lock installation white or beige only (4 kd extra will be added for any other color )	تركيب قفل داخلى ليدة الشباك لون ابيض أو بيج ( يتم اضافة 4 دنانير صبغ فى حالة طلب لون مختلف) 	\N	\N	24	t	https://srvme.com/image/data/serviceIcon/serviceIcon_394_200923_103135_650a9fd78a075.png	https://srvme.com/image/data/serviceIcon/serviceIcon_394_200923_103135_650a9fd78a075.png	18.00	\N	f	2024-05-19 21:07:35.218393+00	2024-05-19 21:07:35.218393+00	125
322	Wooden Waste Bin Box	بوكس القمامة الخشبي	Open wooden box, size 80 * 80 * 130 cm, dyed brown (color can be changed according to request)	- بوكس خشبي مفتوح مقاس ٨٠ * ٨٠ * ١٣٠ سم مصبوغ باللون البني يمكن التغيير الون حسب الطلب	\N	\N	0	f	https://srvme.com/image/data/serviceIcon/serviceIcon_322_230123_132931_63ce618bd26c8.png	https://srvme.com/image/data/serviceIcon/serviceIcon_322_230123_132931_63ce618bd26c8.png	80.00	\N	f	2024-05-19 21:07:35.218393+00	2024-05-19 21:07:35.218393+00	3
156	1 Line Curtains	ستائر سكة واحدة	Price per meter starts from 10kd - material not included 	السعر يبدأ من  ١٠.ك للمتر – غير شامل الأغراض  	\N	\N	30	t	https://srvme.com/image/data/serviceIcon/serviceIcon_156_230123_142025_63ce6d792fe2f.png	https://srvme.com/image/data/serviceIcon/serviceIcon_156_230123_142025_63ce6d792fe2f.png	10.00	\N	f	2024-05-19 21:07:35.218393+00	2024-05-19 21:07:35.218393+00	44
321	Baby Box	صار يحبي	The box includes - 20 Corner guards, 8 Adjustable straps, 6 Furniture straps, 6 Door lever locks, 12 Cabinet locks,  2 Sliding window locks, 10 Socket plug cover 	يشتمل الصندوق على - ٢٠ حمايه للزوايا، ٨ قفل حماية، ٦ حزام حمايه  اللأثاث، ٦ قفل يدة الباب، ١٢ قفل للكبتات، ٢ قفل الدريشة، ١٠ حماية لبلاكات الكهرباء 	\N	\N	18	t	https://srvme.com/image/data/serviceIcon/serviceIcon_321_230123_072352_63ce0bd8abfeb.png	https://srvme.com/image/data/serviceIcon/serviceIcon_321_230123_072352_63ce0bd8abfeb.png	30.50	\N	f	2024-05-19 21:07:35.218393+00	2024-05-19 21:07:35.218393+00	88
54	Bed Bug Spray	مكافحة بق الفراش	30 KD for a 2 bedroom apartment 	٣٠ دينار لشقة غرفتين	\N	\N	0	f	https://srvme.com/image/data/serviceIcon/serviceIcon_54_250123_094545_63d0d0193ff79.png	https://srvme.com/image/data/serviceIcon/serviceIcon_54_250123_094545_63d0d0193ff79.png	30.00	\N	f	2024-05-19 21:07:35.218393+00	2024-05-19 21:07:35.218393+00	19
45	Cameras Maintenance	صيانة كاميرات	The 5 KD assessment value will be included in the total invoice	رسوم المعاينة ٥ دنانير يتم احتسابها من اجمالي قيمة الفاتورة	\N	\N	6	t	https://srvme.com/image/data/serviceIcon/serviceIcon_45_230123_131911_63ce5f1ff0bfe.png	https://srvme.com/image/data/serviceIcon/serviceIcon_45_230123_131911_63ce5f1ff0bfe.png	5.00	\N	f	2024-05-19 21:07:35.218393+00	2024-05-19 21:07:35.218393+00	15
13	Central A/c Cleaning	غسيل تكييف مركزي			\N	\N	0	f	https://srvme.com/image/data/serviceIcon/serviceIcon_13_240123_133716_63cfb4dca9d71.png	https://srvme.com/image/data/serviceIcon/serviceIcon_13_240123_133716_63cfb4dca9d71.png	5.00	\N	f	2024-05-19 21:07:35.218393+00	2024-05-19 21:07:35.218393+00	52
85	Central Heater Maintenance	صيانة السخان المركزي	The 10 KD assessment value will be included in the total invoice	  رسوم المعاينة ١٠ دنانير يتم احتسابها  من اجمالي قيمة الفاتور	\N	\N	18	t	https://srvme.com/image/data/serviceIcon/serviceIcon_85_250123_100709_63d0d51dc41d1.png	https://srvme.com/image/data/serviceIcon/serviceIcon_85_250123_100709_63d0d51dc41d1.png	10.00	\N	f	2024-05-19 21:07:35.218393+00	2024-05-19 21:07:35.218393+00	28
227	Ceramic Assessment	Ceramic Assessment	The 5 KD assessment value will be included in the total invoice	رسوم المعاينة ٥ دنانير يتم احتسابها  من اجمالي قيمة الفاتورة	\N	\N	18	t	https://srvme.com/image/data/serviceIcon/serviceIcon_227_240123_084901_63cf714d871ea.png	https://srvme.com/image/data/serviceIcon/serviceIcon_227_240123_084901_63cf714d871ea.png	5.00	\N	f	2024-05-19 21:07:35.218393+00	2024-05-19 21:07:35.218393+00	56
74	Decor Installation	تركيب ديكور	Free Assessment	معاينة مجانية 	\N	\N	6	t	https://srvme.com/image/data/serviceIcon/serviceIcon_74_230123_143155_63ce702b9791a.png	https://srvme.com/image/data/serviceIcon/serviceIcon_74_230123_143155_63ce702b9791a.png	0.00	\N	f	2024-05-19 21:07:35.218393+00	2024-05-19 21:07:35.218393+00	24
302	Duct Cleaning	تنظيف دكتات	Price starts from 70 KD  	 السعر يبدأ من ٧٠ د.ك  	\N	\N	12	t	https://srvme.com/image/data/serviceIcon/serviceIcon_302_240123_074940_63cf63645c714.png	https://srvme.com/image/data/serviceIcon/serviceIcon_302_240123_074940_63cf63645c714.png	10.00	\N	f	2024-05-19 21:07:35.218393+00	2024-05-19 21:07:35.218393+00	16
31	Flat Tire Repair	اصلاح تاير			\N	\N	24	t	https://srvme.com/image/data/serviceIcon/serviceIcon_31_050524_142816_66376d509997e.png	https://srvme.com/image/data/serviceIcon/serviceIcon_31_050524_142816_66376d509997e.png	10.00	\N	f	2024-05-19 21:07:35.218393+00	2024-05-19 21:07:35.218393+00	10
40	General Appliances Repair	إصلاحات عامة للاجهزة المنزلية	The 5 KD assessment value will be included in the total invoice	رسوم المعاينة ٥ دنانير يتم احتسابها من اجمالي قيمة الفاتورة	\N	\N	30	t	https://srvme.com/image/data/serviceIcon/serviceIcon_40_230123_131611_63ce5e6bbdf95.png	https://srvme.com/image/data/serviceIcon/serviceIcon_40_230123_131611_63ce5e6bbdf95.png	5.00	\N	f	2024-05-19 21:07:35.218393+00	2024-05-19 21:07:35.218393+00	9
152	General Furniture Assembly	إصلاحات عامة لمعدات المطاعم	The 5 KD assessment value will be included in the total invoice	رسوم المعاينة ٥ دنانير يتم احتسابها  من اجمالي قيمة الفاتورة	\N	\N	30	t	https://srvme.com/image/data/serviceIcon/serviceIcon_152_010623_124216_647867f87ebc9.png	https://srvme.com/image/data/serviceIcon/serviceIcon_152_010623_124216_647867f87ebc9.png	5.00	\N	f	2024-05-19 21:07:35.218393+00	2024-05-19 21:07:35.218393+00	13
30	General Locksmith Repair	إصلاحات عامة للمفاتيح والاقفال	The 5 KD assessment value will be included in the total invoice 	رسوم المعاينة ٥ دنانير يتم احتسابها من اجمالي قيمة الفاتورة	\N	\N	12	t	https://srvme.com/image/data/serviceIcon/serviceIcon_30_240123_135244_63cfb87cc10b6.png	https://srvme.com/image/data/serviceIcon/serviceIcon_30_240123_135244_63cfb87cc10b6.png	5.00	\N	f	2024-05-19 21:07:35.218393+00	2024-05-19 21:07:35.218393+00	125
10	General Painting Repair	إصلاحات عامة للصبغ	The 5 KD assessment value will be included in the total invoice 	رسوم المعاينة ٥ دنانير يتم احتسابها من اجمالي قيمة الفاتورة	\N	\N	24	t	https://srvme.com/image/data/serviceIcon/serviceIcon_10_250123_093318_63d0cd2ee9c02.png	https://srvme.com/image/data/serviceIcon/serviceIcon_10_250123_093318_63d0cd2ee9c02.png	5.00	\N	f	2024-05-19 21:07:35.218393+00	2024-05-19 21:07:35.218393+00	5
23	General Ventilation Repair	إصلاحات عامة للتهوية والشفاطات	The 5 KD assessment value will be included in the total invoice	رسوم المعاينة ٥ دنانير يتم احتسابها من اجمالي قيمة الفاتورة	\N	\N	0	f	https://srvme.com/image/data/serviceIcon/serviceIcon_23_240123_134255_63cfb62f36d5a.png	https://srvme.com/image/data/serviceIcon/serviceIcon_23_240123_134255_63cfb62f36d5a.png	5.00	\N	f	2024-05-19 21:07:35.218393+00	2024-05-19 21:07:35.218393+00	8
163	House Sanitization	تعقيم المنزل	Price starting from 300 fils per sq meter - (price will gradually decreases to 200 fils per sq meter for an area of ​​more than 500 sq meters - minimum order 25 KD	 سعر المتر يبدأ من ٣٠٠ فلس للمتر المربع - (ينخفض السعر تدريجيا إلى ٢٠٠ فلس للمتر المربع للمساحه أكثر من ٥٠٠ متر مربع ) - اقل طلب ٢٥ د.ك	\N	\N	18	t	https://srvme.com/image/data/serviceIcon/serviceIcon_163_230123_144713_63ce73c1a446c.png	https://srvme.com/image/data/serviceIcon/serviceIcon_163_230123_144713_63ce73c1a446c.png	25.00	\N	f	2024-05-19 21:07:35.218393+00	2024-05-19 21:07:35.218393+00	47
230	Marble Assessment	طلب معاينة رخام	The 5 KD assessment value will be included in the total invoice	رسوم المعاينة ٥ دنانير يتم احتسابها  من اجمالي قيمة الفاتورة	\N	\N	24	t	https://srvme.com/image/data/serviceIcon/serviceIcon_230_240123_085001_63cf71892e2f6.png	https://srvme.com/image/data/serviceIcon/serviceIcon_230_240123_085001_63cf71892e2f6.png	5.00	\N	f	2024-05-19 21:07:35.218393+00	2024-05-19 21:07:35.218393+00	57
265	New Parking Shades Installation	تصميم وتنفيذ مظلات جديدة	The 5 KD assessment value will be included in the total invoice	رسوم المعاينة ٥ دنانير يتم احتسابها من اجمالي قيمة الفاتورة	\N	\N	24	t	https://srvme.com/image/data/serviceIcon/serviceIcon_265_240123_075941_63cf65bda18c4.png	https://srvme.com/image/data/serviceIcon/serviceIcon_265_240123_075941_63cf65bda18c4.png	5.00	\N	f	2024-05-19 21:07:35.218393+00	2024-05-19 21:07:35.218393+00	100
233	Parquet Assessment	طلب معاينة باركيه	The 5 KD assessment value will be included in the total invoice	رسوم المعاينة ٥ دنانير يتم احتسابها  من اجمالي قيمة الفاتورة	\N	\N	6	t	https://srvme.com/image/data/serviceIcon/serviceIcon_233_240123_090828_63cf75dc254b1.png	https://srvme.com/image/data/serviceIcon/serviceIcon_233_240123_090828_63cf75dc254b1.png	5.00	\N	f	2024-05-19 21:07:35.218393+00	2024-05-19 21:07:35.218393+00	58
160	Roller Curtains Fabrication & Installation	تفصيل وتركيب ستائر رول	price starting from 8 kd per mtr	السعر يبدأ من 8  دينار للمتر 	\N	\N	0	f	https://srvme.com/image/data/serviceIcon/serviceIcon_160_230123_142838_63ce6f66bf86d.png	https://srvme.com/image/data/serviceIcon/serviceIcon_160_230123_142838_63ce6f66bf86d.png	8.00	\N	f	2024-05-19 21:07:35.218393+00	2024-05-19 21:07:35.218393+00	45
28	Single Bed	سرير فردي			\N	\N	18	t	https://srvme.com/image/data/serviceIcon/serviceIcon_28_240123_092447_63cf79af304d1.png	https://srvme.com/image/data/serviceIcon/serviceIcon_28_240123_092447_63cf79af304d1.png	5.00	\N	f	2024-05-19 21:07:35.218393+00	2024-05-19 21:07:35.218393+00	13
6	Tv Installation	تركيب تلفزيون	Includes installation of one TV only 	يشمل تركيب تليفزيون واحد فقط	\N	\N	6	t	https://srvme.com/image/data/serviceIcon/serviceIcon_6_250123_103211_63d0dafb6def8.png	https://srvme.com/image/data/serviceIcon/serviceIcon_6_250123_103211_63d0dafb6def8.png	10.00	\N	f	2024-05-19 21:07:35.218393+00	2024-05-19 21:07:35.218393+00	7
300	Water Tank Cleaning	تنظيف خزانات المياه	Cleaning Medium-sized tanks using special formulated safe materials.	تنظيف خزان المياه متوسط الحجم  بمواد خصوصية وامنه	\N	\N	30	t	https://srvme.com/image/data/serviceIcon/serviceIcon_300_240121_121543_600d3abf23330.png	https://srvme.com/image/data/serviceIcon/serviceIcon_300_240121_121543_600d3abf23330.png	25.00	\N	f	2024-05-19 21:07:35.218393+00	2024-05-19 21:07:35.218393+00	112
129	Windows Format & Installation	إعادة برمجة أجهزة ويندوز			\N	\N	6	t	https://srvme.com/image/data/serviceIcon/serviceIcon_129_240123_081330_63cf68fa6445f.png	https://srvme.com/image/data/serviceIcon/serviceIcon_129_240123_081330_63cf68fa6445f.png	15.00	\N	f	2024-05-19 21:07:35.218393+00	2024-05-19 21:07:35.218393+00	91
157	2 Lines Curtains	ستائر سكتين	Price per meter starts from 15kd - material not included 	السعر يبدأ من ١٥د.ك للمتر – غير شامل الأغراض  	\N	\N	24	t	https://srvme.com/image/data/serviceIcon/serviceIcon_157_230123_142238_63ce6dfe78f28.png	https://srvme.com/image/data/serviceIcon/serviceIcon_157_230123_142238_63ce6dfe78f28.png	15.00	\N	f	2024-05-19 21:07:35.218393+00	2024-05-19 21:07:35.218393+00	44
62	Ac Maintenance Contract	تركيب جهاز التحكم	Annual maintenance contract	عقد صيانة تكييف سنوي	\N	\N	6	t	https://srvme.com/image/data/serviceIcon/serviceIcon_62_160223_121559_63edf44f1736e.png	https://srvme.com/image/data/serviceIcon/serviceIcon_62_160223_121559_63edf44f1736e.png	0.00	\N	f	2024-05-19 21:07:35.218393+00	2024-05-19 21:07:35.218393+00	95
69	Apartment Cleaning	تنظيف شقه	Free Assessment , Price starts From 55 KD 	معاينة مجانية  , السعر يبدأ من ٥٥ د.ك	\N	\N	24	t	https://srvme.com/image/data/serviceIcon/serviceIcon_69_240123_075024_63cf6390a2427.png	https://srvme.com/image/data/serviceIcon/serviceIcon_69_240123_075024_63cf6390a2427.png	0.00	\N	f	2024-05-19 21:07:35.218393+00	2024-05-19 21:07:35.218393+00	16
46	Cameras Installation	تركيب كاميرات	The 5 KD assessment value will be included in the total invoice	رسوم المعاينة ٥ دنانير يتم احتسابها من اجمالي قيمة الفاتورة	\N	\N	12	t	https://srvme.com/image/data/serviceIcon/serviceIcon_46_230123_131815_63ce5ee72ee0f.png	https://srvme.com/image/data/serviceIcon/serviceIcon_46_230123_131815_63ce5ee72ee0f.png	5.00	\N	f	2024-05-19 21:07:35.218393+00	2024-05-19 21:07:35.218393+00	15
12	Central A/c Repair	تصليح التكييف المركزي	The 5 KD assessment value will be included in the total invoice	رسوم المعاينة ٥ دنانير يتم احتسابها  من اجمالي قيمة الفاتورة	\N	\N	24	t	https://srvme.com/image/data/serviceIcon/serviceIcon_12_240123_133901_63cfb5450d5b1.png	https://srvme.com/image/data/serviceIcon/serviceIcon_12_240123_133901_63cfb5450d5b1.png	5.00	\N	f	2024-05-19 21:07:35.218393+00	2024-05-19 21:07:35.218393+00	52
86	Central Heater Replacement	تبديل السخان المركزي	Material not included	لا يشمل المواد 	\N	\N	12	t	https://srvme.com/image/data/serviceIcon/serviceIcon_86_250123_100751_63d0d54796e7c.png	https://srvme.com/image/data/serviceIcon/serviceIcon_86_250123_100751_63d0d54796e7c.png	10.00	\N	f	2024-05-19 21:07:35.218393+00	2024-05-19 21:07:35.218393+00	28
267	Decor Maintenance	صيانه ديكور	The 5 KD assessment value will be included in the total invoice	رسوم المعاينة ٥ دنانير يتم احتسابها من اجمالي قيمة الفاتورة	\N	\N	12	t	https://srvme.com/image/data/serviceIcon/serviceIcon_267_230123_143604_63ce7124c7e39.png	https://srvme.com/image/data/serviceIcon/serviceIcon_267_230123_143604_63ce7124c7e39.png	5.00	\N	f	2024-05-19 21:07:35.218393+00	2024-05-19 21:07:35.218393+00	24
14	Drain Cleaning Assessment	تسليك بايبات الصرف الصحي	The 5 KD assessment value will be included in the total invoice	رسوم المعاينة ٥ دنانير يتم احتسابها من اجمالي قيمة الفاتورة	\N	\N	30	t	https://srvme.com/image/data/serviceIcon/serviceIcon_14_060923_084417_64f811b11e893.png	https://srvme.com/image/data/serviceIcon/serviceIcon_14_060923_084417_64f811b11e893.png	5.00	\N	f	2024-05-19 21:07:35.218393+00	2024-05-19 21:07:35.218393+00	114
21	Installing Toilet Glass Fan	تركيب و صيانة شفاط حمام			\N	\N	18	t	https://srvme.com/image/data/serviceIcon/serviceIcon_21_240123_080809_63cf67b9a5eee.png	https://srvme.com/image/data/serviceIcon/serviceIcon_21_240123_080809_63cf67b9a5eee.png	10.00	\N	f	2024-05-19 21:07:35.218393+00	2024-05-19 21:07:35.218393+00	115
7	Interior Painting	صبغ داخلي	The 5 KD assessment value will be included in the total invoice 	رسوم المعاينة ٥ دنانير يتم احتسابها من اجمالي قيمة الفاتورة	\N	\N	12	t	https://srvme.com/image/data/serviceIcon/serviceIcon_7_250123_093536_63d0cdb89b046.png	https://srvme.com/image/data/serviceIcon/serviceIcon_7_250123_093536_63d0cdb89b046.png	5.00	\N	f	2024-05-19 21:07:35.218393+00	2024-05-19 21:07:35.218393+00	5
161	Iseo Italian Cylinder Replacement	تبديل سيلندر ايطالى (أيزو)	ISEO Cylinder included - NOTE: For 3 cylinders or more, the price will drop to 7 KD per cylinder 	يشمل سيلندر ايزو ايطالى - ملاحظة: ل ٣ سلندرات أو أكثر سينخفض ​​السعر إلى ٧ دينارلكل سلندر	\N	\N	6	t	https://srvme.com/image/data/serviceIcon/serviceIcon_161_240123_135116_63cfb8248884a.png	https://srvme.com/image/data/serviceIcon/serviceIcon_161_240123_135116_63cfb8248884a.png	10.00	\N	f	2024-05-19 21:07:35.218393+00	2024-05-19 21:07:35.218393+00	125
3	Light Bulb Replacement	تبديل لايت	Minimum order of 10 units - Bulbs not included (extra charges may be applied if a ladder of more than 1.5 meters is needed) 	الحد الأدنى للطلب ١٠ وحدات - لا يشمل لايت ( تضاف رسوم إضافية إذا كانت هناك حاجة إلى سلم يزيد ارتفاعه عن ١.٥ متر)	\N	\N	12	t	https://srvme.com/image/data/serviceIcon/serviceIcon_3_230123_153845_63ce7fd5e490f.png	https://srvme.com/image/data/serviceIcon/serviceIcon_3_230123_153845_63ce7fd5e490f.png	10.00	\N	f	2024-05-19 21:07:35.218393+00	2024-05-19 21:07:35.218393+00	6
130	Mac Format & Installation	إعادة برمجة أجهزة ماك			\N	\N	30	t	https://srvme.com/image/data/serviceIcon/serviceIcon_130_240123_081345_63cf69094a0dd.png	https://srvme.com/image/data/serviceIcon/serviceIcon_130_240123_081345_63cf69094a0dd.png	20.00	\N	f	2024-05-19 21:07:35.218393+00	2024-05-19 21:07:35.218393+00	91
234	New Ceramic Installation	تركيب سيراميك جديد	Price starts from 3 KD per sq meter - Materials are not included 	السعر يبدأ من 3 دينار للمتر المربع - لا يشمل المواد	\N	\N	24	t	https://srvme.com/image/data/serviceIcon/serviceIcon_234_240123_085042_63cf71b2bda5a.png	https://srvme.com/image/data/serviceIcon/serviceIcon_234_240123_085042_63cf71b2bda5a.png	5.00	\N	f	2024-05-19 21:07:35.218393+00	2024-05-19 21:07:35.218393+00	56
228	New Marble Installation	تركيب رخام جديد	Price starts from 3 KD per sq meter, for 80 meters and above price will decrease to 2.5 KD per meter - Materials are not included 	السعر يبدأ من ٣ دنانير للمتر المربع ويقل الى ٢.٥ دنانير المتر المربع لمساحة ٨٠ متر أو أكثر- لا يشمل المواد	\N	\N	18	t	https://srvme.com/image/data/serviceIcon/serviceIcon_228_240123_085120_63cf71d82bbe6.png	https://srvme.com/image/data/serviceIcon/serviceIcon_228_240123_085120_63cf71d82bbe6.png	5.00	\N	f	2024-05-19 21:07:35.218393+00	2024-05-19 21:07:35.218393+00	57
231	New Parquet Installation	تركيب باركيه جديد	Price starts from 2.5 KD per sq meter, for 80 meters and above price will decrease to 2 KD per meter - Materials are not included 	السعر يبدأ من دينارين و نصف  للمتر المربع ويقل الى ۲  دينار المتر المربع لمساحة ٨٠ متر أو أكثر- لا يشمل المواد	\N	\N	12	t	https://srvme.com/image/data/serviceIcon/serviceIcon_231_240123_085238_63cf72262e845.png	https://srvme.com/image/data/serviceIcon/serviceIcon_231_240123_085238_63cf72262e845.png	5.00	\N	f	2024-05-19 21:07:35.218393+00	2024-05-19 21:07:35.218393+00	58
164	Office Sanitization	تعقيم الشركات	Price starting from 400 fils per sq meter - (price will gradually decreases to 200 fils per sq meter for an area of ​​more than 500 sq meters -  minimum order 25 KD	  سعر المتر يبدأ من ٤٠٠ فلس للمتر المربع - (ينخفض السعر تدريجيا إلى ٢٠٠ فلس للمتر المربع للمساحه أكثر من ٥٠٠ متر مربع ) - اقل طلب ٢٥ د.ك	\N	\N	18	t	https://srvme.com/image/data/serviceIcon/serviceIcon_164_230123_145204_63ce74e4c081d.png	https://srvme.com/image/data/serviceIcon/serviceIcon_164_230123_145204_63ce74e4c081d.png	25.00	\N	f	2024-05-19 21:07:35.218393+00	2024-05-19 21:07:35.218393+00	47
180	Other Mobile Batteries	بطاريات موبايل آخرى			\N	\N	18	t	https://srvme.com/image/data/serviceIcon/serviceIcon_180_240123_151642_63cfcc2a6af4a.png	https://srvme.com/image/data/serviceIcon/serviceIcon_180_240123_151642_63cfcc2a6af4a.png	5.00	\N	f	2024-05-19 21:07:35.218393+00	2024-05-19 21:07:35.218393+00	48
266	Parking Shades Maintenance	صيانة مظلات السيارات	The 5 KD assessment value will be included in the total invoice 	رسوم المعاينة ٥ دنانير يتم احتسابها من اجمالي قيمة الفاتورة	\N	\N	0	f	https://srvme.com/image/data/serviceIcon/serviceIcon_266_240123_080002_63cf65d26d8e3.png	https://srvme.com/image/data/serviceIcon/serviceIcon_266_240123_080002_63cf65d26d8e3.png	5.00	\N	f	2024-05-19 21:07:35.218393+00	2024-05-19 21:07:35.218393+00	100
26	Queen/king Bed	سرير مزوج			\N	\N	0	f	https://srvme.com/image/data/serviceIcon/serviceIcon_26_240123_092325_63cf795dda77d.png	https://srvme.com/image/data/serviceIcon/serviceIcon_26_240123_092325_63cf795dda77d.png	7.00	\N	f	2024-05-19 21:07:35.218393+00	2024-05-19 21:07:35.218393+00	13
57	Rodents Control	مكافحة القوارض	30 KD for a 3 bedroom apartment 	٣٠ دينار لشقة ٣ غرف	\N	\N	12	t	https://srvme.com/image/data/serviceIcon/serviceIcon_57_250123_094819_63d0d0b3d0973.png	https://srvme.com/image/data/serviceIcon/serviceIcon_57_250123_094819_63d0d0b3d0973.png	30.00	\N	f	2024-05-19 21:07:35.218393+00	2024-05-19 21:07:35.218393+00	19
249	Smart Tv Programing	برمجة التلفزيون الذكي	Includes programming of one smart TV only	يشمل برمجة تلفزيون ذكي واحد فقط	\N	\N	18	t	https://srvme.com/image/data/serviceIcon/serviceIcon_249_250123_102553_63d0d9810b50e.png	https://srvme.com/image/data/serviceIcon/serviceIcon_249_250123_102553_63d0d9810b50e.png	10.00	\N	f	2024-05-19 21:07:35.218393+00	2024-05-19 21:07:35.218393+00	7
36	Tire Replacement	تبديل تاير			\N	\N	30	t	https://srvme.com/image/data/serviceIcon/serviceIcon_36_050524_143203_66376e338af2c.png	https://srvme.com/image/data/serviceIcon/serviceIcon_36_050524_143203_66376e338af2c.png	10.00	\N	f	2024-05-19 21:07:35.218393+00	2024-05-19 21:07:35.218393+00	10
336	Toddler Box	بدا يمشي	The box includes - 20 Corner guards, 8 Adjustable straps, 3 Door lever locks, 12 Cabinet locks, 10 Socket plug cover 	يشتمل الصندوق على - ٢٠ حمايه للزوايا، ٨ قفل حماية، ٣ قفل يدة الباب، ١٢ قفل للكبتات، ١٠ حماية لبلاكات الكهرباء 	\N	\N	24	t	https://srvme.com/image/data/serviceIcon/serviceIcon_336_240123_133606_63cfb4967dad1.png	https://srvme.com/image/data/serviceIcon/serviceIcon_336_240123_133606_63cfb4967dad1.png	24.50	\N	f	2024-05-19 21:07:35.218393+00	2024-05-19 21:07:35.218393+00	88
43	Washer Or Dryer Cleaning	تنظيف الغسالة أو النشافة	Includes cleaning the filter and the rubber 	يشمل تنظيف الفلتر و الربل	\N	\N	12	t	https://srvme.com/image/data/serviceIcon/serviceIcon_43_200923_102950_650a9f6e7b789.png	https://srvme.com/image/data/serviceIcon/serviceIcon_43_200923_102950_650a9f6e7b789.png	15.00	\N	f	2024-05-19 21:07:35.218393+00	2024-05-19 21:07:35.218393+00	9
158	3 Lines Curtains	ستائر ثلاث سكك	Price per meter starts from 25kd - material not included 	السعر يبدأ من ٢٥د.ك للمتر – غير شامل الأغراض  	\N	\N	30	t	https://srvme.com/image/data/serviceIcon/serviceIcon_158_230123_142336_63ce6e384c233.png	https://srvme.com/image/data/serviceIcon/serviceIcon_158_230123_142336_63ce6e384c233.png	25.00	\N	f	2024-05-19 21:07:35.218393+00	2024-05-19 21:07:35.218393+00	44
32	Battery Recharge	شحن البطارية			\N	\N	12	t	https://srvme.com/image/data/serviceIcon/serviceIcon_32_050524_142716_66376d14ae3e2.png	https://srvme.com/image/data/serviceIcon/serviceIcon_32_050524_142716_66376d14ae3e2.png	8.00	\N	f	2024-05-19 21:07:35.218393+00	2024-05-19 21:07:35.218393+00	10
56	Cockroaches Spray	مكافحة الصرصور	30 KD for a 2 bedroom apartment 	٣٠ دينار لشقة غرفتين	\N	\N	18	t	https://srvme.com/image/data/serviceIcon/serviceIcon_56_250123_094729_63d0d08134529.png	https://srvme.com/image/data/serviceIcon/serviceIcon_56_250123_094729_63d0d08134529.png	30.00	\N	f	2024-05-19 21:07:35.218393+00	2024-05-19 21:07:35.218393+00	19
72	Floor Cleaning	تنظيف ارضيات	Free Assessment , Price starts from 1KD for ceramic, Price starts from 3KD for granite, Price starts from 4KD for Marble	معاينة مجانية السعر يبدأ من ١د.ك للسيراميك  السعر يبدأ من ٣د.ك للجرانيت السعر يبدأ من ٣.٥د.ك للرخام 	\N	\N	12	t	https://srvme.com/image/data/serviceIcon/serviceIcon_72_240123_075110_63cf63bedf09e.png	https://srvme.com/image/data/serviceIcon/serviceIcon_72_240123_075110_63cf63bedf09e.png	0.00	\N	f	2024-05-19 21:07:35.218393+00	2024-05-19 21:07:35.218393+00	16
27	Furniture Installation & Reassembling	فك وتركيب الأثاث وإعاة التجميع	The 5 KD assessment value will be included in the total invoice	رسوم المعاينة ٥ دنانير يتم احتسابها  من اجمالي قيمة الفاتورة	\N	\N	0	f	https://srvme.com/image/data/serviceIcon/serviceIcon_27_240123_092051_63cf78c398305.png	https://srvme.com/image/data/serviceIcon/serviceIcon_27_240123_092051_63cf78c398305.png	5.00	\N	f	2024-05-19 21:07:35.218393+00	2024-05-19 21:07:35.218393+00	13
166	Furniture Sanitization	تعقيم الأثاث 	Price starting from 25 KD 	السعر يبدأ من ٢٥ دينار	\N	\N	24	t	https://srvme.com/image/data/serviceIcon/serviceIcon_166_230123_144418_63ce7312731af.png	https://srvme.com/image/data/serviceIcon/serviceIcon_166_230123_144418_63ce7312731af.png	25.00	\N	f	2024-05-19 21:07:35.218393+00	2024-05-19 21:07:35.218393+00	47
73	Gypsum Board Installation	تركيب جبس بورد	Free Assessment	معاينة مجانية 	\N	\N	18	t	https://srvme.com/image/data/serviceIcon/serviceIcon_73_230123_143759_63ce7197e2862.png	https://srvme.com/image/data/serviceIcon/serviceIcon_73_230123_143759_63ce7197e2862.png	0.00	\N	f	2024-05-19 21:07:35.218393+00	2024-05-19 21:07:35.218393+00	24
22	Installing & Repairing Kitchen Hood	تركيب و صيانة شفاط مطبخ	The 5 KD assessment value will be included in the total invoice	رسوم المعاينة ٥ دنانير يتم احتسابها من اجمالي قيمة الفاتورة	\N	\N	0	f	https://srvme.com/image/data/serviceIcon/serviceIcon_22_240123_080749_63cf67a5b9c3b.png	https://srvme.com/image/data/serviceIcon/serviceIcon_22_240123_080749_63cf67a5b9c3b.png	5.00	\N	f	2024-05-19 21:07:35.218393+00	2024-05-19 21:07:35.218393+00	8
310	Mini Split Capacitor Replacement	تبديل المكثف	Capacitor included	يشمل المكثف	\N	\N	12	t	https://srvme.com/image/data/serviceIcon/serviceIcon_310_240123_134730_63cfb7425b56a.png	https://srvme.com/image/data/serviceIcon/serviceIcon_310_240123_134730_63cfb7425b56a.png	15.00	\N	f	2024-05-19 21:07:35.218393+00	2024-05-19 21:07:35.218393+00	53
19	Outlets & Switches Replacement	تبديل بلاكات او سويتشات	Price per unit 4.5 KD - minimum order 2 units (material not included) 	سعر القطعة 4.5 دنانير - اقل طلب قطعتين  (لا يشمل المواد)	\N	\N	18	t	https://srvme.com/image/data/serviceIcon/serviceIcon_19_230123_154529_63ce816997bac.png	https://srvme.com/image/data/serviceIcon/serviceIcon_19_230123_154529_63ce816997bac.png	9.00	\N	f	2024-05-19 21:07:35.218393+00	2024-05-19 21:07:35.218393+00	6
337	Preschool Box	عفس البيت	The box includes - 20 Corner guards, 8 Adjustable straps, 12 Cabinet locks	يشتمل الصندوق على - ٢٠ حمايه للزوايا، ٨ قفل حماية، ١٢ قفل للكبتات،	\N	\N	0	f	https://srvme.com/image/data/serviceIcon/serviceIcon_337_240123_133535_63cfb477e931c.png	https://srvme.com/image/data/serviceIcon/serviceIcon_337_240123_133535_63cfb477e931c.png	19.50	\N	f	2024-05-19 21:07:35.218393+00	2024-05-19 21:07:35.218393+00	88
248	Receiver Programming	برمجة ريسيفر	Include programming for one receiver only	يشمل برمجة ريسيفر واحد فقط	\N	\N	6	t	https://srvme.com/image/data/serviceIcon/serviceIcon_248_250123_102442_63d0d93a5c668.png	https://srvme.com/image/data/serviceIcon/serviceIcon_248_250123_102442_63d0d93a5c668.png	5.00	\N	f	2024-05-19 21:07:35.218393+00	2024-05-19 21:07:35.218393+00	7
41	Refrigerator & Freezer Repair	إصلاح ثلاجة او فريزر	The 5 KD assessment value will be included in the total invoice	رسوم المعاينة ٥ دنانير يتم احتسابها من اجمالي قيمة الفاتورة	\N	\N	6	t	https://srvme.com/image/data/serviceIcon/serviceIcon_41_230123_131855_63ce5f0fafdfb.png	https://srvme.com/image/data/serviceIcon/serviceIcon_41_230123_131855_63ce5f0fafdfb.png	5.00	\N	f	2024-05-19 21:07:35.218393+00	2024-05-19 21:07:35.218393+00	9
226	Remove Old & Install New Ceramic	إزالة سيراميك قديم و تركيب جديد	The 5 KD assessment value will be included in the total invoice	رسوم المعاينة ٥ دنانير يتم احتسابها  من اجمالي قيمة الفاتورة	\N	\N	18	t	https://srvme.com/image/data/serviceIcon/serviceIcon_226_240123_090910_63cf76060837b.png	https://srvme.com/image/data/serviceIcon/serviceIcon_226_240123_090910_63cf76060837b.png	5.00	\N	f	2024-05-19 21:07:35.218393+00	2024-05-19 21:07:35.218393+00	56
229	Remove Old & Install New Marble	إزالة رخام قديم و تركيب جديد	The 5 KD assessment value will be included in the total invoice	رسوم المعاينة ٥ دنانير يتم احتسابها  من اجمالي قيمة الفاتورة	\N	\N	0	f	https://srvme.com/image/data/serviceIcon/serviceIcon_229_240123_090939_63cf76237c049.png	https://srvme.com/image/data/serviceIcon/serviceIcon_229_240123_090939_63cf76237c049.png	5.00	\N	f	2024-05-19 21:07:35.218393+00	2024-05-19 21:07:35.218393+00	57
232	Remove Old & Install New Parquet	إزالة باركيه قديم و تركيب جديد	The 5 KD assessment value will be included in the total invoice	رسوم المعاينة ٥ دنانير يتم احتسابها  من اجمالي قيمة الفاتورة	\N	\N	12	t	https://srvme.com/image/data/serviceIcon/serviceIcon_232_240123_091009_63cf7641e9a7e.png	https://srvme.com/image/data/serviceIcon/serviceIcon_232_240123_091009_63cf7641e9a7e.png	5.00	\N	f	2024-05-19 21:07:35.218393+00	2024-05-19 21:07:35.218393+00	58
2	Thermostat Replacement	تبديل ثرموستات	Thermostat not included	لايشمل الثرموستات	\N	\N	6	t	https://srvme.com/image/data/serviceIcon/serviceIcon_2_240123_141934_63cfbec6b1210.png	https://srvme.com/image/data/serviceIcon/serviceIcon_2_240123_141934_63cfbec6b1210.png	10.00	\N	f	2024-05-19 21:07:35.218393+00	2024-05-19 21:07:35.218393+00	52
162	Unlock Door & Change Regular Cylinder	فتح قفل الباب وتركيب سيلندر عادى	Regular cylinder included	يشمل سيلندر عادى	\N	\N	6	t	https://srvme.com/image/data/serviceIcon/serviceIcon_162_240123_141631_63cfbe0f24538.png	https://srvme.com/image/data/serviceIcon/serviceIcon_162_240123_141631_63cfbe0f24538.png	12.00	\N	f	2024-05-19 21:07:35.218393+00	2024-05-19 21:07:35.218393+00	125
9	Wood Painting	صبغ خشب	The 5 KD assessment value will be included in the total invoice 	رسوم المعاينة ٥ دنانير يتم احتسابها من اجمالي قيمة الفاتورة	\N	\N	24	t	https://srvme.com/image/data/serviceIcon/serviceIcon_9_250123_093837_63d0ce6d054e7.png	https://srvme.com/image/data/serviceIcon/serviceIcon_9_250123_093837_63d0ce6d054e7.png	5.00	\N	f	2024-05-19 21:07:35.218393+00	2024-05-19 21:07:35.218393+00	5
153	Battery Replacement	تبديل البطاريه			\N	\N	18	t	https://srvme.com/image/data/serviceIcon/serviceIcon_153_050524_142729_66376d217672e.png	https://srvme.com/image/data/serviceIcon/serviceIcon_153_050524_142729_66376d217672e.png	8.00	\N	f	2024-05-19 21:07:35.218393+00	2024-05-19 21:07:35.218393+00	10
55	Birds Control	مكافحه الطيور	Price starts from 25 KD 	السعر يبدأ من ٢٥ دينار 	\N	\N	0	f	https://srvme.com/image/data/serviceIcon/serviceIcon_55_250123_094645_63d0d05513406.png	https://srvme.com/image/data/serviceIcon/serviceIcon_55_250123_094645_63d0d05513406.png	25.00	\N	f	2024-05-19 21:07:35.218393+00	2024-05-19 21:07:35.218393+00	19
184	Car Sanitization	تعقيم السيارات	Price starting from 25 KD 	السعر يبدأ من ٢٥ دينار	\N	\N	0	f	https://srvme.com/image/data/serviceIcon/serviceIcon_184_230123_143059_63ce6ff3310f6.png	https://srvme.com/image/data/serviceIcon/serviceIcon_184_230123_143059_63ce6ff3310f6.png	25.00	\N	f	2024-05-19 21:07:35.218393+00	2024-05-19 21:07:35.218393+00	47
71	Carpet Cleaning	تنظيف السجاد	Free Assessment , Price Starts From 1.75 KD Per Meter for the Regular Carpet , And 3 KD Per Meter For The Iranian Carpet	 معاينة مجانية  , السعر يبدأ من 1.750 د.ك للمتر للسجاد العادى ، 3 د.ك للمتر للسجاد الايرانى 	\N	\N	18	t	https://srvme.com/image/data/serviceIcon/serviceIcon_71_240123_075139_63cf63dba0bdc.png	https://srvme.com/image/data/serviceIcon/serviceIcon_71_240123_075139_63cf63dba0bdc.png	0.00	\N	f	2024-05-19 21:07:35.218393+00	2024-05-19 21:07:35.218393+00	16
24	Central Satellite Maintenance & Repair	صيانة و تصليح ساتلايت مركزى	Materials are not included 	لا يشمل قطع الغيار	\N	\N	24	t	https://srvme.com/image/data/serviceIcon/serviceIcon_24_250123_101956_63d0d81c1f09e.png	https://srvme.com/image/data/serviceIcon/serviceIcon_24_250123_101956_63d0d81c1f09e.png	15.00	\N	f	2024-05-19 21:07:35.218393+00	2024-05-19 21:07:35.218393+00	7
330	Gas Leak Repair	اصلاح تسريب الغاز	The 5 KD assessment value will be included in the total invoice	رسوم المعاينة ٥ دنانير يتم احتسابها من اجمالي قيمة الفاتورة	\N	\N	24	t	https://srvme.com/image/data/serviceIcon/serviceIcon_330_240123_134136_63cfb5e031964.png	https://srvme.com/image/data/serviceIcon/serviceIcon_330_240123_134136_63cfb5e031964.png	5.00	\N	f	2024-05-19 21:07:35.218393+00	2024-05-19 21:07:35.218393+00	52
268	Gypsum Board Maintenance	صيانة جبس بورد	The 5 KD assessment value will be included in the total invoice	رسوم المعاينة ٥ دنانير يتم احتسابها من اجمالي قيمة الفاتورة	\N	\N	6	t	https://srvme.com/image/data/serviceIcon/serviceIcon_268_230123_144113_63ce725968424.png	https://srvme.com/image/data/serviceIcon/serviceIcon_268_230123_144113_63ce725968424.png	5.00	\N	f	2024-05-19 21:07:35.218393+00	2024-05-19 21:07:35.218393+00	24
253	Installing New Kitchen Hood Or Fan	تركيب شفاط جديد او مروحة الشفاط	The 5 KD assessment value will be included in the total invoice	رسوم المعاينة ٥ دنانير يتم احتسابها من اجمالي قيمة الفاتورة	\N	\N	6	t	https://srvme.com/image/data/serviceIcon/serviceIcon_253_240123_134608_63cfb6f09df2b.png	https://srvme.com/image/data/serviceIcon/serviceIcon_253_240123_134608_63cfb6f09df2b.png	5.00	\N	f	2024-05-19 21:07:35.218393+00	2024-05-19 21:07:35.218393+00	8
297	Lock Cylinder Replacement	تبديل سيلندر	Cylinder not included	السعر لا يشمل السيلندر	\N	\N	18	t	https://srvme.com/image/data/serviceIcon/serviceIcon_297_240123_141202_63cfbd022727b.png	https://srvme.com/image/data/serviceIcon/serviceIcon_297_240123_141202_63cfbd022727b.png	6.00	\N	f	2024-05-19 21:07:35.218393+00	2024-05-19 21:07:35.218393+00	125
8	New Design & Workshop	تصميم و تنفيذ اثاث جديد	The 5 KD assessment value will be included in the total invoice	رسوم المعاينة ٥ دنانير يتم احتسابها  من اجمالي قيمة الفاتورة	\N	\N	30	t	https://srvme.com/image/data/serviceIcon/serviceIcon_8_230123_132733_63ce611553ad7.png	https://srvme.com/image/data/serviceIcon/serviceIcon_8_230123_132733_63ce611553ad7.png	5.00	\N	f	2024-05-19 21:07:35.218393+00	2024-05-19 21:07:35.218393+00	3
4	Replacing Mini Circuit Breaker	تبديل بريكر فرعي	Material not included	لايشمل المواد	\N	\N	6	t	https://srvme.com/image/data/serviceIcon/serviceIcon_4_230123_154701_63ce81c52b791.png	https://srvme.com/image/data/serviceIcon/serviceIcon_4_230123_154701_63ce81c52b791.png	13.00	\N	f	2024-05-19 21:07:35.218393+00	2024-05-19 21:07:35.218393+00	6
316	Tv Dismounting & Remounting	تفكيك وإعادة تركيب التلفزيون	All Sizes	كل المقاسات 	\N	\N	30	t	https://srvme.com/image/data/serviceIcon/serviceIcon_316_240123_134158_63cfb5f66dfea.png	https://srvme.com/image/data/serviceIcon/serviceIcon_316_240123_134158_63cfb5f66dfea.png	10.00	\N	f	2024-05-19 21:07:35.218393+00	2024-05-19 21:07:35.218393+00	120
11	Wallpaper	ورق جدران	Price starting from 5.500 KD per roll , Material not included	السعر يبدأ من 5.500 دينار للرول .لا يشمل المواد	\N	\N	12	t	https://srvme.com/image/data/serviceIcon/serviceIcon_11_250123_093728_63d0ce284d53f.png	https://srvme.com/image/data/serviceIcon/serviceIcon_11_250123_093728_63d0ce284d53f.png	5.50	\N	f	2024-05-19 21:07:35.218393+00	2024-05-19 21:07:35.218393+00	5
44	Water Dispenser Repair	إصلاح براده مياه	The 5 KD assessment value will be included in the total invoice	رسوم المعاينة ٥ دنانير يتم احتسابها من اجمالي قيمة الفاتورة	\N	\N	0	f	https://srvme.com/image/data/serviceIcon/serviceIcon_44_230123_132330_63ce60228e929.png	https://srvme.com/image/data/serviceIcon/serviceIcon_44_230123_132330_63ce60228e929.png	5.00	\N	f	2024-05-19 21:07:35.218393+00	2024-05-19 21:07:35.218393+00	9
16	Water Pump Replacement	تبديل مضخة المياه	Material not included	لا يشمل المواد 	\N	\N	30	t	https://srvme.com/image/data/serviceIcon/serviceIcon_16_240123_084739_63cf70fbe5840.png	https://srvme.com/image/data/serviceIcon/serviceIcon_16_240123_084739_63cf70fbe5840.png	20.00	\N	f	2024-05-19 21:07:35.218393+00	2024-05-19 21:07:35.218393+00	113
331	Capacitor Replacement	تبديل المكثف	Capacitor included	يشمل المكثف	\N	\N	0	f	https://srvme.com/image/data/serviceIcon/serviceIcon_331_240123_133625_63cfb4a959685.png	https://srvme.com/image/data/serviceIcon/serviceIcon_331_240123_133625_63cfb4a959685.png	15.00	\N	f	2024-05-19 21:07:35.218393+00	2024-05-19 21:07:35.218393+00	52
68	Kitchen Hood Cleaning	تنظيف مدخنة المطبخ	Free Assessment , Price starting from 50 kd	معاينة مجانية , السعر يبدأ من ٥٠ د.ك	\N	\N	24	t	https://srvme.com/image/data/serviceIcon/serviceIcon_68_240123_075221_63cf640527ae0.png	https://srvme.com/image/data/serviceIcon/serviceIcon_68_240123_075221_63cf640527ae0.png	0.00	\N	f	2024-05-19 21:07:35.218393+00	2024-05-19 21:07:35.218393+00	16
250	New Dish Installation	تركيب دش جديد	Dish, wires & Lnb single-line included	يشمل - الدش/ الوايرات / ال ان بي 	\N	\N	30	t	https://srvme.com/image/data/serviceIcon/serviceIcon_250_250123_102153_63d0d8915208e.png	https://srvme.com/image/data/serviceIcon/serviceIcon_250_250123_102153_63d0d8915208e.png	22.00	\N	f	2024-05-19 21:07:35.218393+00	2024-05-19 21:07:35.218393+00	7
348	Replacing Main Circuit Breaker	تبديل بريكر رئيسي	Material not included	لايشمل المواد	\N	\N	30	t	https://srvme.com/image/data/serviceIcon/serviceIcon_348_230123_154752_63ce81f8b61f1.png	https://srvme.com/image/data/serviceIcon/serviceIcon_348_230123_154752_63ce81f8b61f1.png	20.00	\N	f	2024-05-19 21:07:35.218393+00	2024-05-19 21:07:35.218393+00	6
42	Stove & Oven Repair	إصلاح الچولة والفرن	The 5 KD assessment value will be included in the total invoice	رسوم المعاينة ٥ دنانير يتم احتسابها من اجمالي قيمة الفاتورة	\N	\N	6	t	https://srvme.com/image/data/serviceIcon/serviceIcon_42_230123_132054_63ce5f86d58ac.png	https://srvme.com/image/data/serviceIcon/serviceIcon_42_230123_132054_63ce5f86d58ac.png	5.00	\N	f	2024-05-19 21:07:35.218393+00	2024-05-19 21:07:35.218393+00	9
315	Tv Mounting	تركيب التلفزيون	All Sizes 	كل المقاسات 	\N	\N	24	t	https://srvme.com/image/data/serviceIcon/serviceIcon_315_240123_134251_63cfb62babd2b.png	https://srvme.com/image/data/serviceIcon/serviceIcon_315_240123_134251_63cfb62babd2b.png	7.00	\N	f	2024-05-19 21:07:35.218393+00	2024-05-19 21:07:35.218393+00	120
307	Unlock Door & Change Iseo Italian Cylinder	فتح قفل الباب وتركيب سيلندر ايطالى	ISEO Cylinder included 	يشمل سيلندر ايزو ايطالى	\N	\N	24	t	https://srvme.com/image/data/serviceIcon/serviceIcon_307_240123_141445_63cfbda50d2d3.png	https://srvme.com/image/data/serviceIcon/serviceIcon_307_240123_141445_63cfbda50d2d3.png	14.00	\N	f	2024-05-19 21:07:35.218393+00	2024-05-19 21:07:35.218393+00	125
58	White Ant Spray	مكافحة النمل الابيض	Price starts from 25 KD 	السعر يبدأ من ٢٥ دينار 	\N	\N	0	f	https://srvme.com/image/data/serviceIcon/serviceIcon_58_250123_095129_63d0d171c8521.png	https://srvme.com/image/data/serviceIcon/serviceIcon_58_250123_095129_63d0d171c8521.png	25.00	\N	f	2024-05-19 21:07:35.218393+00	2024-05-19 21:07:35.218393+00	19
235	Central A/c Replacement	تبديل تكييف مركزي	Free Assessment	معاينة مجانية 	\N	\N	0	f	https://srvme.com/image/data/serviceIcon/serviceIcon_235_240123_133929_63cfb5614c637.png	https://srvme.com/image/data/serviceIcon/serviceIcon_235_240123_133929_63cfb5614c637.png	0.00	\N	f	2024-05-19 21:07:35.218393+00	2024-05-19 21:07:35.218393+00	52
350	Chandelier Installation	تركيب ثريا	The 10 KD assessment value will be included in the total invoice	رسوم المعاينة 10 دنانير يتم احتسابها  من اجمالي قيمة الفاتورة	\N	\N	18	t	https://srvme.com/image/data/serviceIcon/serviceIcon_350_230123_153519_63ce7f072bd57.png	https://srvme.com/image/data/serviceIcon/serviceIcon_350_230123_153519_63ce7f072bd57.png	10.00	\N	f	2024-05-19 21:07:35.218393+00	2024-05-19 21:07:35.218393+00	6
254	Dishwasher Repair	جلاية صحون	The 5 KD assessment value will be included in the total invoice 	رسوم المعاينة ٥ دنانير يتم احتسابها من اجمالي قيمة الفاتورة	\N	\N	6	t	https://srvme.com/image/data/serviceIcon/serviceIcon_254_230123_131423_63ce5dff6cd8d.png	https://srvme.com/image/data/serviceIcon/serviceIcon_254_230123_131423_63ce5dff6cd8d.png	5.00	\N	f	2024-05-19 21:07:35.218393+00	2024-05-19 21:07:35.218393+00	9
67	Exterior Facade	الواجهات الخارجية	Free Assessment , Price starts From 100 KD 	معاينة مجانية , السعر يبدأ من  ١٠٠ د.ك 	\N	\N	24	t	https://srvme.com/image/data/serviceIcon/serviceIcon_67_230123_143647_63ce714f55bbb.png	https://srvme.com/image/data/serviceIcon/serviceIcon_67_230123_143647_63ce714f55bbb.png	0.00	\N	f	2024-05-19 21:07:35.218393+00	2024-05-19 21:07:35.218393+00	16
309	Iseo Italian Lock Replacement	تبديل قفل باب ايطالى (أيزو)	ISEO Lock included	يشمل قفل باب ايزو ايطالى	\N	\N	6	t	https://srvme.com/image/data/serviceIcon/serviceIcon_309_240123_141104_63cfbcc8614c5.png	https://srvme.com/image/data/serviceIcon/serviceIcon_309_240123_141104_63cfbcc8614c5.png	11.00	\N	f	2024-05-19 21:07:35.218393+00	2024-05-19 21:07:35.218393+00	125
247	Lnb Installation	تركيب LNB	LNB Single line installation (LNB included) 	تركيب ال ان بي خط واحد - شاامل ال ان بي 	\N	\N	18	t	https://srvme.com/image/data/serviceIcon/serviceIcon_247_250123_102106_63d0d86230a81.png	https://srvme.com/image/data/serviceIcon/serviceIcon_247_250123_102106_63d0d86230a81.png	10.00	\N	f	2024-05-19 21:07:35.218393+00	2024-05-19 21:07:35.218393+00	7
270	Washing Machine Installation Or Relocation	تركيب الغسالة أو نقلها	Material Not Included	لا يشمل المواد 	\N	\N	0	f	https://srvme.com/image/data/serviceIcon/serviceIcon_270_250123_103023_63d0da8f3e2e7.png	https://srvme.com/image/data/serviceIcon/serviceIcon_270_250123_103023_63d0da8f3e2e7.png	13.00	\N	f	2024-05-19 21:07:35.218393+00	2024-05-19 21:07:35.218393+00	121
66	Weevil Insect Control	مكافحة حشرة السوس	30 KD per room 	٣٠ دينار للغرفة	\N	\N	6	t	https://srvme.com/image/data/serviceIcon/serviceIcon_66_250123_094920_63d0d0f093482.png	https://srvme.com/image/data/serviceIcon/serviceIcon_66_250123_094920_63d0d0f093482.png	30.00	\N	f	2024-05-19 21:07:35.218393+00	2024-05-19 21:07:35.218393+00	19
220	Ac Gas Filling	تعبئة غاز التكييف			\N	\N	6	t	https://srvme.com/image/data/serviceIcon/serviceIcon_220_050524_142656_66376d00b8d59.png	https://srvme.com/image/data/serviceIcon/serviceIcon_220_050524_142656_66376d00b8d59.png	15.00	\N	f	2024-05-19 21:07:35.218393+00	2024-05-19 21:07:35.218393+00	10
301	Central A/c Duct Cleaning	تنظيف دكتات التكييف	Price starts from 70 KD  (Assessment 10 KD)	 (السعر يبدأ من ٧٠ د.ك  (معاينة ١٠ دنانير	\N	\N	6	t	https://srvme.com/image/data/serviceIcon/serviceIcon_301_240123_133816_63cfb51885c1a.png	https://srvme.com/image/data/serviceIcon/serviceIcon_301_240123_133816_63cfb51885c1a.png	10.00	\N	f	2024-05-19 21:07:35.234375+00	2024-05-19 21:07:35.234375+00	52
70	Furniture Cleaning	تنظيف اثاث	Free Assessment , Price Starts From 5 KD Per Seat	معابنة مجانبة , السعر يبدأ من 5 د.ك للمقعد	\N	\N	12	t	https://srvme.com/image/data/serviceIcon/serviceIcon_70_240123_075243_63cf641b54308.png	https://srvme.com/image/data/serviceIcon/serviceIcon_70_240123_075243_63cf641b54308.png	0.00	\N	f	2024-05-19 21:07:35.234375+00	2024-05-19 21:07:35.234375+00	16
257	Ice Maker	صانعة الثلج	The 5 KD assessment value will be included in the total invoice	رسوم المعاينة ٥ دنانير يتم احتسابها من اجمالي قيمة الفاتورة	\N	\N	30	t	https://srvme.com/image/data/serviceIcon/serviceIcon_257_230123_131736_63ce5ec0133c5.png	https://srvme.com/image/data/serviceIcon/serviceIcon_257_230123_131736_63ce5ec0133c5.png	5.00	\N	f	2024-05-19 21:07:35.234375+00	2024-05-19 21:07:35.234375+00	9
252	Osn Installation & Programing	تركيب وبرمجة osn	Includes installation and programming of one receiver only	يشمل تركيب وبرمجة ريسيفر واحد	\N	\N	12	t	https://srvme.com/image/data/serviceIcon/serviceIcon_252_250123_102318_63d0d8e619fe7.png	https://srvme.com/image/data/serviceIcon/serviceIcon_252_250123_102318_63d0d8e619fe7.png	15.00	\N	f	2024-05-19 21:07:35.234517+00	2024-05-19 21:07:35.234517+00	7
308	Regular Lock Cylinder Replacement	تبديل سيلندر عادى	Regular cylinder included - NOTE: For 3 cylinders or more, the price will drop to 5 KD per cylinder 	يشمل سيلندر عادى - ملاحضة: ل ٣ سلندرات أو أكثر سينخفض ​​السعر إلى ٥ دينارلكل سلندر	\N	\N	6	t	https://srvme.com/image/data/serviceIcon/serviceIcon_308_240123_141244_63cfbd2c0fd97.png	https://srvme.com/image/data/serviceIcon/serviceIcon_308_240123_141244_63cfbd2c0fd97.png	8.00	\N	f	2024-05-19 21:07:35.234517+00	2024-05-19 21:07:35.234517+00	125
218	Disc Trimming	خراطة دسكات			\N	\N	18	t	https://srvme.com/image/data/serviceIcon/serviceIcon_218_050524_142801_66376d41939f8.png	https://srvme.com/image/data/serviceIcon/serviceIcon_218_050524_142801_66376d41939f8.png	15.00	\N	f	2024-05-19 21:07:35.234517+00	2024-05-19 21:07:35.234517+00	10
269	Kitchen Cleaning	تنظيف المطبخ			\N	\N	18	t	https://srvme.com/image/data/serviceIcon/serviceIcon_269_240123_075200_63cf63f0d7cda.png	https://srvme.com/image/data/serviceIcon/serviceIcon_269_240123_075200_63cf63f0d7cda.png	0.00	\N	f	2024-05-19 21:07:35.234517+00	2024-05-19 21:07:35.234517+00	16
251	Osn Service	خدمات osn	Includes programming of one OSN receiver only	يشمل برمجة عدد ريسيفر واحد 	\N	\N	6	t	https://srvme.com/image/data/serviceIcon/serviceIcon_251_250123_102358_63d0d90e80de1.png	https://srvme.com/image/data/serviceIcon/serviceIcon_251_250123_102358_63d0d90e80de1.png	10.00	\N	f	2024-05-19 21:07:35.234517+00	2024-05-19 21:07:35.234517+00	7
221	Rims Trimming	خراطة إطارات			\N	\N	18	t	https://srvme.com/image/data/serviceIcon/serviceIcon_221_050524_142932_66376d9c850b2.png	https://srvme.com/image/data/serviceIcon/serviceIcon_221_050524_142932_66376d9c850b2.png	15.00	\N	f	2024-05-19 21:07:35.234517+00	2024-05-19 21:07:35.234517+00	10
217	Brake Pads Change	تبديل سفايف			\N	\N	6	t	https://srvme.com/image/data/serviceIcon/serviceIcon_217_050524_142744_66376d306de84.png	https://srvme.com/image/data/serviceIcon/serviceIcon_217_050524_142744_66376d306de84.png	15.00	\N	f	2024-05-19 21:07:35.234517+00	2024-05-19 21:07:35.234517+00	10
187	Oil & Filter Replacement	تبديل دهن و فلتر			\N	\N	6	t	https://srvme.com/image/data/serviceIcon/serviceIcon_187_050524_142914_66376d8ab2cfc.png	https://srvme.com/image/data/serviceIcon/serviceIcon_187_050524_142914_66376d8ab2cfc.png	10.00	\N	f	2024-05-19 21:07:35.234517+00	2024-05-19 21:07:35.234517+00	10
256	Suspension Works	معاونات السيارة	15 KD Assessment 	١٥ دينار معاينة 	\N	\N	18	t	https://srvme.com/image/data/serviceIcon/serviceIcon_256_050524_142952_66376db0422c3.png	https://srvme.com/image/data/serviceIcon/serviceIcon_256_050524_142952_66376db0422c3.png	15.00	\N	f	2024-05-19 21:07:35.234517+00	2024-05-19 21:07:35.234517+00	10
342	General Contractor	مقاول شامل	Please note that after the completion of the inspection, a date for the service will be determined.	يرجى العلم ان بعد النتهاء من المعاينة سوف يتم تحدديد موعد الخدمة	\N	\N	0	f	https://srvme.com/image/data/serviceIcon/serviceIcon_342_240123_094356_63cf7e2c45784.png	https://srvme.com/image/data/serviceIcon/serviceIcon_342_240123_094356_63cf7e2c45784.png	10.00	\N	f	2024-05-19 21:07:35.218393+00	2024-06-05 21:25:37.456191+00	102
\.


--
-- Data for Name: users_user; Type: TABLE DATA; Schema: public; Owner: postgres
--

COPY public.users_user (id, last_login, is_superuser, email, is_staff, is_active, date_joined, fullname, mobile, password) FROM stdin;
2	\N	f		f	t	2024-05-22 10:49:13.684091+00	عمر	96590009900	
4	\N	f		f	t	2024-05-22 16:07:22.517894+00	esawy	96599999799	
3	\N	f		f	t	2024-05-22 12:35:17.329616+00	Hamedzzn 33	96564046444	
5	\N	f		f	t	2024-05-22 16:30:14.266929+00	اااعمر	96597979799	
7	\N	f		f	t	2024-06-05 18:07:53.732638+00	Hamed 99	96595464044	
8	\N	t	\N	t	t	2024-06-05 21:16:28+00	Hamed Osama	99999999	pbkdf2_sha256$600000$mLhrQb2whN9xeueGOda0Su$HxMEyQ893rzo4PgjjlZLQrLrkOH78VcRLnnL81EOzck=
6	\N	f		f	t	2024-05-22 16:58:00.31858+00	omar esa	96599999996	
9	\N	f		f	t	2024-06-08 08:03:00.526502+00	esawy	96599999999	
10	\N	f		f	t	2024-06-11 22:42:30.044448+00	Test through pc2	96596555555	
1	2024-06-23 11:47:24.784524+00	t	hamed19@gmail.com	t	t	2024-05-20 07:47:14.302434+00	\N	201023626494	pbkdf2_sha256$600000$C1uSmfIKgKvNcWnIN7I4Ix$2SH3MDgZqpCI9xgUs9TS8SnDV+CTLQmJ+/f9+3F5g3k=
11	\N	f		f	t	2024-06-23 11:47:31.920043+00	hamed meeting	96598888888	
\.


--
-- Data for Name: users_user_groups; Type: TABLE DATA; Schema: public; Owner: postgres
--

COPY public.users_user_groups (id, user_id, group_id) FROM stdin;
\.


--
-- Data for Name: users_user_user_permissions; Type: TABLE DATA; Schema: public; Owner: postgres
--

COPY public.users_user_user_permissions (id, user_id, permission_id) FROM stdin;
\.


--
-- Data for Name: users_useraddress; Type: TABLE DATA; Schema: public; Owner: postgres
--

COPY public.users_useraddress (id, name, building_name, building_number, street_name, apartment_number, floor_number, block_number, additional_information, latitude, longitude, address_type, created_at, updated_at, city_id, user_id, is_deleted) FROM stdin;
1	الكويت	\N	\N	\N	\N	\N	\N	\N	29.30212009521621	47.54155162721872	0	2024-05-22 10:49:44.351207+00	2024-05-22 10:49:44.351226+00	\N	2	f
2	hamed1	\N	\N	\N	\N	\N	\N	\N	30.04032030770898	47.72282604128122	0	2024-05-22 12:41:29.413891+00	2024-05-22 12:41:29.41391+00	\N	3	f
3	Address 2	\N	\N	\N	\N	\N	\N	\N	28.740120667202092	46.66264571249485	1	2024-05-22 12:41:53.097604+00	2024-05-22 12:41:53.097622+00	\N	3	f
4	loc 1	\N	\N	\N	\N	\N	\N	\N	29.852314517243194	31.33884631097317	0	2024-06-05 18:09:36.098077+00	2024-06-05 18:09:36.098097+00	\N	7	f
5	البيت	\N	\N	\N	\N	\N	\N	\N	29.84776124267312	31.331038400530815	1	2024-06-05 21:09:43.088005+00	2024-06-05 21:09:43.088023+00	\N	7	f
6	yyyy	\N	\N	\N	\N	\N	\N	\N	29.75777248283947	47.70085338503122	0	2024-06-22 22:49:16.848866+00	2024-06-22 22:49:16.848884+00	\N	7	f
\.


--
-- Data for Name: users_userotp; Type: TABLE DATA; Schema: public; Owner: postgres
--

COPY public.users_userotp (id, otp, created_at, mobile, action, expires_at) FROM stdin;
\.


--
-- Name: auth_group_id_seq; Type: SEQUENCE SET; Schema: public; Owner: postgres
--

SELECT pg_catalog.setval('public.auth_group_id_seq', 1, true);


--
-- Name: auth_group_permissions_id_seq; Type: SEQUENCE SET; Schema: public; Owner: postgres
--

SELECT pg_catalog.setval('public.auth_group_permissions_id_seq', 1, true);


--
-- Name: auth_permission_id_seq; Type: SEQUENCE SET; Schema: public; Owner: postgres
--

SELECT pg_catalog.setval('public.auth_permission_id_seq', 56, true);


--
-- Name: django_admin_log_id_seq; Type: SEQUENCE SET; Schema: public; Owner: postgres
--

SELECT pg_catalog.setval('public.django_admin_log_id_seq', 7, true);


--
-- Name: django_content_type_id_seq; Type: SEQUENCE SET; Schema: public; Owner: postgres
--

SELECT pg_catalog.setval('public.django_content_type_id_seq', 14, true);


--
-- Name: django_migrations_id_seq; Type: SEQUENCE SET; Schema: public; Owner: postgres
--

SELECT pg_catalog.setval('public.django_migrations_id_seq', 39, true);


--
-- Name: lookups_city_id_seq; Type: SEQUENCE SET; Schema: public; Owner: postgres
--

SELECT pg_catalog.setval('public.lookups_city_id_seq', 1, true);


--
-- Name: services_category_id_seq; Type: SEQUENCE SET; Schema: public; Owner: postgres
--

SELECT pg_catalog.setval('public.services_category_id_seq', 1, false);


--
-- Name: services_service_id_seq; Type: SEQUENCE SET; Schema: public; Owner: postgres
--

SELECT pg_catalog.setval('public.services_service_id_seq', 1, false);


--
-- Name: users_user_groups_id_seq; Type: SEQUENCE SET; Schema: public; Owner: postgres
--

SELECT pg_catalog.setval('public.users_user_groups_id_seq', 1, false);


--
-- Name: users_user_id_seq; Type: SEQUENCE SET; Schema: public; Owner: postgres
--

SELECT pg_catalog.setval('public.users_user_id_seq', 11, true);


--
-- Name: users_user_user_permissions_id_seq; Type: SEQUENCE SET; Schema: public; Owner: postgres
--

SELECT pg_catalog.setval('public.users_user_user_permissions_id_seq', 1, false);


--
-- Name: users_useraddress_id_seq; Type: SEQUENCE SET; Schema: public; Owner: postgres
--

SELECT pg_catalog.setval('public.users_useraddress_id_seq', 6, true);


--
-- Name: users_userotp_id_seq; Type: SEQUENCE SET; Schema: public; Owner: postgres
--

SELECT pg_catalog.setval('public.users_userotp_id_seq', 25, true);


--
-- Name: auth_group auth_group_name_key; Type: CONSTRAINT; Schema: public; Owner: postgres
--

ALTER TABLE ONLY public.auth_group
    ADD CONSTRAINT auth_group_name_key UNIQUE (name);


--
-- Name: auth_group_permissions auth_group_permissions_group_id_permission_id_0cd325b0_uniq; Type: CONSTRAINT; Schema: public; Owner: postgres
--

ALTER TABLE ONLY public.auth_group_permissions
    ADD CONSTRAINT auth_group_permissions_group_id_permission_id_0cd325b0_uniq UNIQUE (group_id, permission_id);


--
-- Name: auth_group_permissions auth_group_permissions_pkey; Type: CONSTRAINT; Schema: public; Owner: postgres
--

ALTER TABLE ONLY public.auth_group_permissions
    ADD CONSTRAINT auth_group_permissions_pkey PRIMARY KEY (id);


--
-- Name: auth_group auth_group_pkey; Type: CONSTRAINT; Schema: public; Owner: postgres
--

ALTER TABLE ONLY public.auth_group
    ADD CONSTRAINT auth_group_pkey PRIMARY KEY (id);


--
-- Name: auth_permission auth_permission_content_type_id_codename_01ab375a_uniq; Type: CONSTRAINT; Schema: public; Owner: postgres
--

ALTER TABLE ONLY public.auth_permission
    ADD CONSTRAINT auth_permission_content_type_id_codename_01ab375a_uniq UNIQUE (content_type_id, codename);


--
-- Name: auth_permission auth_permission_pkey; Type: CONSTRAINT; Schema: public; Owner: postgres
--

ALTER TABLE ONLY public.auth_permission
    ADD CONSTRAINT auth_permission_pkey PRIMARY KEY (id);


--
-- Name: django_admin_log django_admin_log_pkey; Type: CONSTRAINT; Schema: public; Owner: postgres
--

ALTER TABLE ONLY public.django_admin_log
    ADD CONSTRAINT django_admin_log_pkey PRIMARY KEY (id);


--
-- Name: django_content_type django_content_type_app_label_model_76bd3d3b_uniq; Type: CONSTRAINT; Schema: public; Owner: postgres
--

ALTER TABLE ONLY public.django_content_type
    ADD CONSTRAINT django_content_type_app_label_model_76bd3d3b_uniq UNIQUE (app_label, model);


--
-- Name: django_content_type django_content_type_pkey; Type: CONSTRAINT; Schema: public; Owner: postgres
--

ALTER TABLE ONLY public.django_content_type
    ADD CONSTRAINT django_content_type_pkey PRIMARY KEY (id);


--
-- Name: django_migrations django_migrations_pkey; Type: CONSTRAINT; Schema: public; Owner: postgres
--

ALTER TABLE ONLY public.django_migrations
    ADD CONSTRAINT django_migrations_pkey PRIMARY KEY (id);


--
-- Name: django_session django_session_pkey; Type: CONSTRAINT; Schema: public; Owner: postgres
--

ALTER TABLE ONLY public.django_session
    ADD CONSTRAINT django_session_pkey PRIMARY KEY (session_key);


--
-- Name: knox_authtoken knox_authtoken_pkey; Type: CONSTRAINT; Schema: public; Owner: postgres
--

ALTER TABLE ONLY public.knox_authtoken
    ADD CONSTRAINT knox_authtoken_pkey PRIMARY KEY (digest);


--
-- Name: lookups_city lookups_city_pkey; Type: CONSTRAINT; Schema: public; Owner: postgres
--

ALTER TABLE ONLY public.lookups_city
    ADD CONSTRAINT lookups_city_pkey PRIMARY KEY (id);


--
-- Name: services_category services_category_pkey; Type: CONSTRAINT; Schema: public; Owner: postgres
--

ALTER TABLE ONLY public.services_category
    ADD CONSTRAINT services_category_pkey PRIMARY KEY (id);


--
-- Name: services_service services_service_pkey; Type: CONSTRAINT; Schema: public; Owner: postgres
--

ALTER TABLE ONLY public.services_service
    ADD CONSTRAINT services_service_pkey PRIMARY KEY (id);


--
-- Name: users_user_groups users_user_groups_pkey; Type: CONSTRAINT; Schema: public; Owner: postgres
--

ALTER TABLE ONLY public.users_user_groups
    ADD CONSTRAINT users_user_groups_pkey PRIMARY KEY (id);


--
-- Name: users_user_groups users_user_groups_user_id_group_id_b88eab82_uniq; Type: CONSTRAINT; Schema: public; Owner: postgres
--

ALTER TABLE ONLY public.users_user_groups
    ADD CONSTRAINT users_user_groups_user_id_group_id_b88eab82_uniq UNIQUE (user_id, group_id);


--
-- Name: users_user users_user_mobile_key; Type: CONSTRAINT; Schema: public; Owner: postgres
--

ALTER TABLE ONLY public.users_user
    ADD CONSTRAINT users_user_mobile_key UNIQUE (mobile);


--
-- Name: users_user users_user_pkey; Type: CONSTRAINT; Schema: public; Owner: postgres
--

ALTER TABLE ONLY public.users_user
    ADD CONSTRAINT users_user_pkey PRIMARY KEY (id);


--
-- Name: users_user_user_permissions users_user_user_permissions_pkey; Type: CONSTRAINT; Schema: public; Owner: postgres
--

ALTER TABLE ONLY public.users_user_user_permissions
    ADD CONSTRAINT users_user_user_permissions_pkey PRIMARY KEY (id);


--
-- Name: users_user_user_permissions users_user_user_permissions_user_id_permission_id_43338c45_uniq; Type: CONSTRAINT; Schema: public; Owner: postgres
--

ALTER TABLE ONLY public.users_user_user_permissions
    ADD CONSTRAINT users_user_user_permissions_user_id_permission_id_43338c45_uniq UNIQUE (user_id, permission_id);


--
-- Name: users_useraddress users_useraddress_pkey; Type: CONSTRAINT; Schema: public; Owner: postgres
--

ALTER TABLE ONLY public.users_useraddress
    ADD CONSTRAINT users_useraddress_pkey PRIMARY KEY (id);


--
-- Name: users_userotp users_userotp_pkey; Type: CONSTRAINT; Schema: public; Owner: postgres
--

ALTER TABLE ONLY public.users_userotp
    ADD CONSTRAINT users_userotp_pkey PRIMARY KEY (id);


--
-- Name: auth_group_name_a6ea08ec_like; Type: INDEX; Schema: public; Owner: postgres
--

CREATE INDEX auth_group_name_a6ea08ec_like ON public.auth_group USING btree (name varchar_pattern_ops);


--
-- Name: auth_group_permissions_group_id_b120cbf9; Type: INDEX; Schema: public; Owner: postgres
--

CREATE INDEX auth_group_permissions_group_id_b120cbf9 ON public.auth_group_permissions USING btree (group_id);


--
-- Name: auth_group_permissions_permission_id_84c5c92e; Type: INDEX; Schema: public; Owner: postgres
--

CREATE INDEX auth_group_permissions_permission_id_84c5c92e ON public.auth_group_permissions USING btree (permission_id);


--
-- Name: auth_permission_content_type_id_2f476e4b; Type: INDEX; Schema: public; Owner: postgres
--

CREATE INDEX auth_permission_content_type_id_2f476e4b ON public.auth_permission USING btree (content_type_id);


--
-- Name: django_admin_log_content_type_id_c4bce8eb; Type: INDEX; Schema: public; Owner: postgres
--

CREATE INDEX django_admin_log_content_type_id_c4bce8eb ON public.django_admin_log USING btree (content_type_id);


--
-- Name: django_admin_log_user_id_c564eba6; Type: INDEX; Schema: public; Owner: postgres
--

CREATE INDEX django_admin_log_user_id_c564eba6 ON public.django_admin_log USING btree (user_id);


--
-- Name: django_session_expire_date_a5c62663; Type: INDEX; Schema: public; Owner: postgres
--

CREATE INDEX django_session_expire_date_a5c62663 ON public.django_session USING btree (expire_date);


--
-- Name: django_session_session_key_c0390e0f_like; Type: INDEX; Schema: public; Owner: postgres
--

CREATE INDEX django_session_session_key_c0390e0f_like ON public.django_session USING btree (session_key varchar_pattern_ops);


--
-- Name: knox_authtoken_digest_188c7e77_like; Type: INDEX; Schema: public; Owner: postgres
--

CREATE INDEX knox_authtoken_digest_188c7e77_like ON public.knox_authtoken USING btree (digest varchar_pattern_ops);


--
-- Name: knox_authtoken_token_key_8f4f7d47; Type: INDEX; Schema: public; Owner: postgres
--

CREATE INDEX knox_authtoken_token_key_8f4f7d47 ON public.knox_authtoken USING btree (token_key);


--
-- Name: knox_authtoken_token_key_8f4f7d47_like; Type: INDEX; Schema: public; Owner: postgres
--

CREATE INDEX knox_authtoken_token_key_8f4f7d47_like ON public.knox_authtoken USING btree (token_key varchar_pattern_ops);


--
-- Name: knox_authtoken_user_id_e5a5d899; Type: INDEX; Schema: public; Owner: postgres
--

CREATE INDEX knox_authtoken_user_id_e5a5d899 ON public.knox_authtoken USING btree (user_id);


--
-- Name: services_category_parent_id_ee3ab5cf; Type: INDEX; Schema: public; Owner: postgres
--

CREATE INDEX services_category_parent_id_ee3ab5cf ON public.services_category USING btree (parent_id);


--
-- Name: services_service_category_id_e15f8b7e; Type: INDEX; Schema: public; Owner: postgres
--

CREATE INDEX services_service_category_id_e15f8b7e ON public.services_service USING btree (category_id);


--
-- Name: users_user_groups_group_id_9afc8d0e; Type: INDEX; Schema: public; Owner: postgres
--

CREATE INDEX users_user_groups_group_id_9afc8d0e ON public.users_user_groups USING btree (group_id);


--
-- Name: users_user_groups_user_id_5f6f5a90; Type: INDEX; Schema: public; Owner: postgres
--

CREATE INDEX users_user_groups_user_id_5f6f5a90 ON public.users_user_groups USING btree (user_id);


--
-- Name: users_user_mobile_2b8b6527_like; Type: INDEX; Schema: public; Owner: postgres
--

CREATE INDEX users_user_mobile_2b8b6527_like ON public.users_user USING btree (mobile varchar_pattern_ops);


--
-- Name: users_user_user_permissions_permission_id_0b93982e; Type: INDEX; Schema: public; Owner: postgres
--

CREATE INDEX users_user_user_permissions_permission_id_0b93982e ON public.users_user_user_permissions USING btree (permission_id);


--
-- Name: users_user_user_permissions_user_id_20aca447; Type: INDEX; Schema: public; Owner: postgres
--

CREATE INDEX users_user_user_permissions_user_id_20aca447 ON public.users_user_user_permissions USING btree (user_id);


--
-- Name: users_useraddress_city_id_c7f4823a; Type: INDEX; Schema: public; Owner: postgres
--

CREATE INDEX users_useraddress_city_id_c7f4823a ON public.users_useraddress USING btree (city_id);


--
-- Name: users_useraddress_user_id_d3f6a672; Type: INDEX; Schema: public; Owner: postgres
--

CREATE INDEX users_useraddress_user_id_d3f6a672 ON public.users_useraddress USING btree (user_id);


--
-- Name: auth_group_permissions auth_group_permissio_permission_id_84c5c92e_fk_auth_perm; Type: FK CONSTRAINT; Schema: public; Owner: postgres
--

ALTER TABLE ONLY public.auth_group_permissions
    ADD CONSTRAINT auth_group_permissio_permission_id_84c5c92e_fk_auth_perm FOREIGN KEY (permission_id) REFERENCES public.auth_permission(id) DEFERRABLE INITIALLY DEFERRED;


--
-- Name: auth_group_permissions auth_group_permissions_group_id_b120cbf9_fk_auth_group_id; Type: FK CONSTRAINT; Schema: public; Owner: postgres
--

ALTER TABLE ONLY public.auth_group_permissions
    ADD CONSTRAINT auth_group_permissions_group_id_b120cbf9_fk_auth_group_id FOREIGN KEY (group_id) REFERENCES public.auth_group(id) DEFERRABLE INITIALLY DEFERRED;


--
-- Name: auth_permission auth_permission_content_type_id_2f476e4b_fk_django_co; Type: FK CONSTRAINT; Schema: public; Owner: postgres
--

ALTER TABLE ONLY public.auth_permission
    ADD CONSTRAINT auth_permission_content_type_id_2f476e4b_fk_django_co FOREIGN KEY (content_type_id) REFERENCES public.django_content_type(id) DEFERRABLE INITIALLY DEFERRED;


--
-- Name: django_admin_log django_admin_log_content_type_id_c4bce8eb_fk_django_co; Type: FK CONSTRAINT; Schema: public; Owner: postgres
--

ALTER TABLE ONLY public.django_admin_log
    ADD CONSTRAINT django_admin_log_content_type_id_c4bce8eb_fk_django_co FOREIGN KEY (content_type_id) REFERENCES public.django_content_type(id) DEFERRABLE INITIALLY DEFERRED;


--
-- Name: django_admin_log django_admin_log_user_id_c564eba6_fk_users_user_id; Type: FK CONSTRAINT; Schema: public; Owner: postgres
--

ALTER TABLE ONLY public.django_admin_log
    ADD CONSTRAINT django_admin_log_user_id_c564eba6_fk_users_user_id FOREIGN KEY (user_id) REFERENCES public.users_user(id) DEFERRABLE INITIALLY DEFERRED;


--
-- Name: knox_authtoken knox_authtoken_user_id_e5a5d899_fk_users_user_id; Type: FK CONSTRAINT; Schema: public; Owner: postgres
--

ALTER TABLE ONLY public.knox_authtoken
    ADD CONSTRAINT knox_authtoken_user_id_e5a5d899_fk_users_user_id FOREIGN KEY (user_id) REFERENCES public.users_user(id) DEFERRABLE INITIALLY DEFERRED;


--
-- Name: services_category services_category_parent_id_ee3ab5cf_fk_services_category_id; Type: FK CONSTRAINT; Schema: public; Owner: postgres
--

ALTER TABLE ONLY public.services_category
    ADD CONSTRAINT services_category_parent_id_ee3ab5cf_fk_services_category_id FOREIGN KEY (parent_id) REFERENCES public.services_category(id) DEFERRABLE INITIALLY DEFERRED;


--
-- Name: services_service services_service_category_id_e15f8b7e_fk_services_category_id; Type: FK CONSTRAINT; Schema: public; Owner: postgres
--

ALTER TABLE ONLY public.services_service
    ADD CONSTRAINT services_service_category_id_e15f8b7e_fk_services_category_id FOREIGN KEY (category_id) REFERENCES public.services_category(id) DEFERRABLE INITIALLY DEFERRED;


--
-- Name: users_user_groups users_user_groups_group_id_9afc8d0e_fk_auth_group_id; Type: FK CONSTRAINT; Schema: public; Owner: postgres
--

ALTER TABLE ONLY public.users_user_groups
    ADD CONSTRAINT users_user_groups_group_id_9afc8d0e_fk_auth_group_id FOREIGN KEY (group_id) REFERENCES public.auth_group(id) DEFERRABLE INITIALLY DEFERRED;


--
-- Name: users_user_groups users_user_groups_user_id_5f6f5a90_fk_users_user_id; Type: FK CONSTRAINT; Schema: public; Owner: postgres
--

ALTER TABLE ONLY public.users_user_groups
    ADD CONSTRAINT users_user_groups_user_id_5f6f5a90_fk_users_user_id FOREIGN KEY (user_id) REFERENCES public.users_user(id) DEFERRABLE INITIALLY DEFERRED;


--
-- Name: users_user_user_permissions users_user_user_perm_permission_id_0b93982e_fk_auth_perm; Type: FK CONSTRAINT; Schema: public; Owner: postgres
--

ALTER TABLE ONLY public.users_user_user_permissions
    ADD CONSTRAINT users_user_user_perm_permission_id_0b93982e_fk_auth_perm FOREIGN KEY (permission_id) REFERENCES public.auth_permission(id) DEFERRABLE INITIALLY DEFERRED;


--
-- Name: users_user_user_permissions users_user_user_permissions_user_id_20aca447_fk_users_user_id; Type: FK CONSTRAINT; Schema: public; Owner: postgres
--

ALTER TABLE ONLY public.users_user_user_permissions
    ADD CONSTRAINT users_user_user_permissions_user_id_20aca447_fk_users_user_id FOREIGN KEY (user_id) REFERENCES public.users_user(id) DEFERRABLE INITIALLY DEFERRED;


--
-- Name: users_useraddress users_useraddress_city_id_c7f4823a_fk_lookups_city_id; Type: FK CONSTRAINT; Schema: public; Owner: postgres
--

ALTER TABLE ONLY public.users_useraddress
    ADD CONSTRAINT users_useraddress_city_id_c7f4823a_fk_lookups_city_id FOREIGN KEY (city_id) REFERENCES public.lookups_city(id) DEFERRABLE INITIALLY DEFERRED;


--
-- Name: users_useraddress users_useraddress_user_id_d3f6a672_fk_users_user_id; Type: FK CONSTRAINT; Schema: public; Owner: postgres
--

ALTER TABLE ONLY public.users_useraddress
    ADD CONSTRAINT users_useraddress_user_id_d3f6a672_fk_users_user_id FOREIGN KEY (user_id) REFERENCES public.users_user(id) DEFERRABLE INITIALLY DEFERRED;


--
-- Name: SCHEMA public; Type: ACL; Schema: -; Owner: pg_database_owner
--

GRANT ALL ON SCHEMA public TO cloudsqlsuperuser;


--
-- Name: FUNCTION pg_replication_origin_advance(text, pg_lsn); Type: ACL; Schema: pg_catalog; Owner: cloudsqladmin
--

GRANT ALL ON FUNCTION pg_catalog.pg_replication_origin_advance(text, pg_lsn) TO cloudsqlsuperuser;


--
-- Name: FUNCTION pg_replication_origin_create(text); Type: ACL; Schema: pg_catalog; Owner: cloudsqladmin
--

GRANT ALL ON FUNCTION pg_catalog.pg_replication_origin_create(text) TO cloudsqlsuperuser;


--
-- Name: FUNCTION pg_replication_origin_drop(text); Type: ACL; Schema: pg_catalog; Owner: cloudsqladmin
--

GRANT ALL ON FUNCTION pg_catalog.pg_replication_origin_drop(text) TO cloudsqlsuperuser;


--
-- Name: FUNCTION pg_replication_origin_oid(text); Type: ACL; Schema: pg_catalog; Owner: cloudsqladmin
--

GRANT ALL ON FUNCTION pg_catalog.pg_replication_origin_oid(text) TO cloudsqlsuperuser;


--
-- Name: FUNCTION pg_replication_origin_progress(text, boolean); Type: ACL; Schema: pg_catalog; Owner: cloudsqladmin
--

GRANT ALL ON FUNCTION pg_catalog.pg_replication_origin_progress(text, boolean) TO cloudsqlsuperuser;


--
-- Name: FUNCTION pg_replication_origin_session_is_setup(); Type: ACL; Schema: pg_catalog; Owner: cloudsqladmin
--

GRANT ALL ON FUNCTION pg_catalog.pg_replication_origin_session_is_setup() TO cloudsqlsuperuser;


--
-- Name: FUNCTION pg_replication_origin_session_progress(boolean); Type: ACL; Schema: pg_catalog; Owner: cloudsqladmin
--

GRANT ALL ON FUNCTION pg_catalog.pg_replication_origin_session_progress(boolean) TO cloudsqlsuperuser;


--
-- Name: FUNCTION pg_replication_origin_session_reset(); Type: ACL; Schema: pg_catalog; Owner: cloudsqladmin
--

GRANT ALL ON FUNCTION pg_catalog.pg_replication_origin_session_reset() TO cloudsqlsuperuser;


--
-- Name: FUNCTION pg_replication_origin_session_setup(text); Type: ACL; Schema: pg_catalog; Owner: cloudsqladmin
--

GRANT ALL ON FUNCTION pg_catalog.pg_replication_origin_session_setup(text) TO cloudsqlsuperuser;


--
-- Name: FUNCTION pg_replication_origin_xact_reset(); Type: ACL; Schema: pg_catalog; Owner: cloudsqladmin
--

GRANT ALL ON FUNCTION pg_catalog.pg_replication_origin_xact_reset() TO cloudsqlsuperuser;


--
-- Name: FUNCTION pg_replication_origin_xact_setup(pg_lsn, timestamp with time zone); Type: ACL; Schema: pg_catalog; Owner: cloudsqladmin
--

GRANT ALL ON FUNCTION pg_catalog.pg_replication_origin_xact_setup(pg_lsn, timestamp with time zone) TO cloudsqlsuperuser;


--
-- Name: FUNCTION pg_show_replication_origin_status(OUT local_id oid, OUT external_id text, OUT remote_lsn pg_lsn, OUT local_lsn pg_lsn); Type: ACL; Schema: pg_catalog; Owner: cloudsqladmin
--

GRANT ALL ON FUNCTION pg_catalog.pg_show_replication_origin_status(OUT local_id oid, OUT external_id text, OUT remote_lsn pg_lsn, OUT local_lsn pg_lsn) TO cloudsqlsuperuser;


--
-- PostgreSQL database dump complete
--

